address,total_appearances,created_count,spent_count,first_seen_height,last_seen_height,tx_hashes
"mn_addr_preprod14uvf6ayeytracv8kx89w06kluf6d7kefdruxzskskgy0dflku69sqp5x2e",634,309,325,2177159,2192093,"36fa0da2bf03d5796c3b947c1634163091273bba12564749ad4594121abc8bd4(created@2177159);36fa0da2bf03d5796c3b947c1634163091273bba12564749ad4594121abc8bd4(spent@2177159);36fa0da2bf03d5796c3b947c1634163091273bba12564749ad4594121abc8bd4(spent@2177159);7fdfcaef408b1b903c1960cd74efd1a6b0be04fe5cc2c22296a1e9ddcd1b8775(created@2177160);7fdfcaef408b1b903c1960cd74efd1a6b0be04fe5cc2c22296a1e9ddcd1b8775(spent@2177160);7fdfcaef408b1b903c1960cd74efd1a6b0be04fe5cc2c22296a1e9ddcd1b8775(spent@2177160);f8e10e58ea136e4ef09153ed9ec3d055ba708bffe4e2aad34237c93dfbe499d7(created@2177197);f8e10e58ea136e4ef09153ed9ec3d055ba708bffe4e2aad34237c93dfbe499d7(spent@2177197);f8e10e58ea136e4ef09153ed9ec3d055ba708bffe4e2aad34237c93dfbe499d7(spent@2177197);cc6b4b5715696dc66767cafe20bb5da295ab5e788f3a2faa79afd1dcfbefa811(spent@2177197);a4a261ef5fd9d1a02e09a7e85d4b533ace99e35f48633e61753933b12403ed30(created@2178517);a4a261ef5fd9d1a02e09a7e85d4b533ace99e35f48633e61753933b12403ed30(created@2178517);a4a261ef5fd9d1a02e09a7e85d4b533ace99e35f48633e61753933b12403ed30(created@2178517);a4a261ef5fd9d1a02e09a7e85d4b533ace99e35f48633e61753933b12403ed30(created@2178517);a4a261ef5fd9d1a02e09a7e85d4b533ace99e35f48633e61753933b12403ed30(created@2178517);a4a261ef5fd9d1a02e09a7e85d4b533ace99e35f48633e61753933b12403ed30(created@2178517);a4a261ef5fd9d1a02e09a7e85d4b533ace99e35f48633e61753933b12403ed30(created@2178517);a4a261ef5fd9d1a02e09a7e85d4b533ace99e35f48633e61753933b12403ed30(created@2178517);a4a261ef5fd9d1a02e09a7e85d4b533ace99e35f48633e61753933b12403ed30(created@2178517);a4a261ef5fd9d1a02e09a7e85d4b533ace99e35f48633e61753933b12403ed30(created@2178517);a4a261ef5fd9d1a02e09a7e85d4b533ace99e35f48633e61753933b12403ed30(spent@2178517);a4a261ef5fd9d1a02e09a7e85d4b533ace99e35f48633e61753933b12403ed30(spent@2178517);a4a261ef5fd9d1a02e09a7e85d4b533ace99e35f48633e61753933b12403ed30(spent@2178517);a4a261ef5fd9d1a02e09a7e85d4b533ace99e35f48633e61753933b12403ed30(spent@2178517);a4a261ef5fd9d1a02e09a7e85d4b533ace99e35f48633e61753933b12403ed30(spent@2178517)"
"mn_addr_preprod18d733aulfgfsqanhxmj3sdv8hfxmpasrnhzu8q02xzcl2ta2lyqq0vs0z2",340,170,170,2147406,2200255,"07117ba89172cb9012b3fc7c42d446c5f3820fd3bca56a31b1784573419aa606(created@2147406);07117ba89172cb9012b3fc7c42d446c5f3820fd3bca56a31b1784573419aa606(created@2147406);07117ba89172cb9012b3fc7c42d446c5f3820fd3bca56a31b1784573419aa606(spent@2147406);07117ba89172cb9012b3fc7c42d446c5f3820fd3bca56a31b1784573419aa606(spent@2147406);bfda9088c43f7cf11c0cdb21d1480939042d07fad9be63415621cbad6de622f6(created@2148477);bfda9088c43f7cf11c0cdb21d1480939042d07fad9be63415621cbad6de622f6(created@2148477);bfda9088c43f7cf11c0cdb21d1480939042d07fad9be63415621cbad6de622f6(spent@2148477);bfda9088c43f7cf11c0cdb21d1480939042d07fad9be63415621cbad6de622f6(spent@2148477);42140f90deb1aa91370e63442b1c8f2cc797c93b7d1f10ea8923052391b8dd0f(created@2148578);42140f90deb1aa91370e63442b1c8f2cc797c93b7d1f10ea8923052391b8dd0f(created@2148578);42140f90deb1aa91370e63442b1c8f2cc797c93b7d1f10ea8923052391b8dd0f(spent@2148578);42140f90deb1aa91370e63442b1c8f2cc797c93b7d1f10ea8923052391b8dd0f(spent@2148578);a448118a6f85644dd8b96f9258b6c980f69909af84439ce14d4b6bf0e5edfd41(created@2148679);a448118a6f85644dd8b96f9258b6c980f69909af84439ce14d4b6bf0e5edfd41(created@2148679);a448118a6f85644dd8b96f9258b6c980f69909af84439ce14d4b6bf0e5edfd41(spent@2148679);a448118a6f85644dd8b96f9258b6c980f69909af84439ce14d4b6bf0e5edfd41(spent@2148679);1b8c784d97374e9455a6207a504d8cabeb5dc711a187d799611c96c8becd0c79(created@2148709);1b8c784d97374e9455a6207a504d8cabeb5dc711a187d799611c96c8becd0c79(created@2148709);1b8c784d97374e9455a6207a504d8cabeb5dc711a187d799611c96c8becd0c79(spent@2148709);1b8c784d97374e9455a6207a504d8cabeb5dc711a187d799611c96c8becd0c79(spent@2148709);d1d0c86e8d4358c72370a8c9ad985e1a20b98ac606f470db261602ce3ad839c2(created@2148722);d1d0c86e8d4358c72370a8c9ad985e1a20b98ac606f470db261602ce3ad839c2(created@2148722);d1d0c86e8d4358c72370a8c9ad985e1a20b98ac606f470db261602ce3ad839c2(spent@2148722);d1d0c86e8d4358c72370a8c9ad985e1a20b98ac606f470db261602ce3ad839c2(spent@2148722);3c477d85cc73009c0d4533c6ab15475327d69eb606835a938f3bf0d108d25c4c(created@2148736)"
"mn_addr_preprod18ceretghv3q7q6sqp5ddfs44uky2c9vf5npxyznnvanqtxhvg2kqnpeul6",261,130,131,2166778,2196374,"c8f5fa945e52ff8ce0d2f80d949218bf507e34a42279eafdb5dd5dc5dc2ac845(created@2166778);9b8ecff5c2efdac3127a008be6668501266cc5fd5104f7f0e5e31eb0684671cc(created@2166806);9b8ecff5c2efdac3127a008be6668501266cc5fd5104f7f0e5e31eb0684671cc(created@2166806);81bbf92538e53b1887b7884bbe5f8a36ae7949dec7dd555df971a3f11acb003b(created@2167073);81bbf92538e53b1887b7884bbe5f8a36ae7949dec7dd555df971a3f11acb003b(created@2167073);81bbf92538e53b1887b7884bbe5f8a36ae7949dec7dd555df971a3f11acb003b(spent@2167073);61cc943bc66a8872538578f6da1f36ef894723058f5968a33029ef2fd176eaba(created@2167157);61cc943bc66a8872538578f6da1f36ef894723058f5968a33029ef2fd176eaba(created@2167157);f6f088d0ccbc2233091a1dade75b2787b504bfdb8a76119625e5abfc1ac66d46(created@2167197);f6f088d0ccbc2233091a1dade75b2787b504bfdb8a76119625e5abfc1ac66d46(created@2167197);f6f088d0ccbc2233091a1dade75b2787b504bfdb8a76119625e5abfc1ac66d46(spent@2167197);f6f088d0ccbc2233091a1dade75b2787b504bfdb8a76119625e5abfc1ac66d46(spent@2167197);f6f088d0ccbc2233091a1dade75b2787b504bfdb8a76119625e5abfc1ac66d46(spent@2167197);f6f088d0ccbc2233091a1dade75b2787b504bfdb8a76119625e5abfc1ac66d46(spent@2167197);f6f088d0ccbc2233091a1dade75b2787b504bfdb8a76119625e5abfc1ac66d46(spent@2167197);f6f088d0ccbc2233091a1dade75b2787b504bfdb8a76119625e5abfc1ac66d46(spent@2167197);76ae651c3372b315c9a2502a9219f92f2e6d0b93c5a358da33026c78e751bbd7(created@2167250);76ae651c3372b315c9a2502a9219f92f2e6d0b93c5a358da33026c78e751bbd7(created@2167250);76ae651c3372b315c9a2502a9219f92f2e6d0b93c5a358da33026c78e751bbd7(spent@2167250);76ae651c3372b315c9a2502a9219f92f2e6d0b93c5a358da33026c78e751bbd7(spent@2167250);81215e5ef41863d59590865d0a575c55e1c2b041c59837701fa3becb4a2e730b(created@2167279);81215e5ef41863d59590865d0a575c55e1c2b041c59837701fa3becb4a2e730b(created@2167279);81215e5ef41863d59590865d0a575c55e1c2b041c59837701fa3becb4a2e730b(spent@2167279);81215e5ef41863d59590865d0a575c55e1c2b041c59837701fa3becb4a2e730b(spent@2167279);81215e5ef41863d59590865d0a575c55e1c2b041c59837701fa3becb4a2e730b(spent@2167279)"
"mn_addr_preprod1whezef7xtp59us3mhppcxapezgh88y7auk7hlcwt329ua53pl43qq32j2r",256,149,107,2177164,2192374,"13c281de1f7c04529d9b7d046680d4dfc9cbd28766a00f79fa2bcf8afb27ba49(created@2177164);13c281de1f7c04529d9b7d046680d4dfc9cbd28766a00f79fa2bcf8afb27ba49(spent@2177164);c3997266c1abeb27e6d7707fb58965fe358855bb2ce7e42469adf64fa846b85e(created@2177748);07760dd3f63cb585d36dd4adce3d5db7f3af09bc870368b919fbc320f6b0bb10(created@2178431);07760dd3f63cb585d36dd4adce3d5db7f3af09bc870368b919fbc320f6b0bb10(created@2178431);07760dd3f63cb585d36dd4adce3d5db7f3af09bc870368b919fbc320f6b0bb10(created@2178431);07760dd3f63cb585d36dd4adce3d5db7f3af09bc870368b919fbc320f6b0bb10(created@2178431);07760dd3f63cb585d36dd4adce3d5db7f3af09bc870368b919fbc320f6b0bb10(created@2178431);07760dd3f63cb585d36dd4adce3d5db7f3af09bc870368b919fbc320f6b0bb10(created@2178431);07760dd3f63cb585d36dd4adce3d5db7f3af09bc870368b919fbc320f6b0bb10(created@2178431);07760dd3f63cb585d36dd4adce3d5db7f3af09bc870368b919fbc320f6b0bb10(created@2178431);07760dd3f63cb585d36dd4adce3d5db7f3af09bc870368b919fbc320f6b0bb10(created@2178431);07760dd3f63cb585d36dd4adce3d5db7f3af09bc870368b919fbc320f6b0bb10(created@2178431);07760dd3f63cb585d36dd4adce3d5db7f3af09bc870368b919fbc320f6b0bb10(spent@2178431);07760dd3f63cb585d36dd4adce3d5db7f3af09bc870368b919fbc320f6b0bb10(spent@2178431);07760dd3f63cb585d36dd4adce3d5db7f3af09bc870368b919fbc320f6b0bb10(spent@2178431);b914eee8a15460602419a30b9dcc01062618880b790416e82201c369be8ab1ac(created@2179995);2e7f37a93bc94203036d7c12da8a452c20f75c92fb1672e404501acaf022ed97(created@2179998);95f9a698962bc38482ab1e67a20291c9ea748644d6e8c39fb618b7e733849bbb(created@2180001);5de69b3a860c21223ef3d19d74024540b99e143561762d142f1cfd3edeb9923d(created@2180004);af83d597456f73042396ad08ce6888c9358eabe145753fa85640b28206afe049(created@2180009);fde5f14849ab2d31ad1128f4695e49a5f0356117a5f9fc2c0ceab7d8a0104fd9(created@2180012);1654acc5aceaf1b69f996168b9bdf4b98a8f201d9769a8dace770f2b5ac79487(created@2180015);a7dfd1a538f242ce769b024bbd3deaee96bfbf37ed83100b2215837f41a34b84(created@2180027);a7dfd1a538f242ce769b024bbd3deaee96bfbf37ed83100b2215837f41a34b84(spent@2180027)"
"mn_addr_preprod1uhh8yrnw6gde32jtn30n7s8czuq4r70furt6knr6vrd9aa4elqhq9cyjgy",215,120,95,2168633,2197681,"f20219369259d16e7341088ac42d61561277a0ae9be93adf94f88e8343943475(created@2168633);5b973ced86ed11e8ccde10541765b2fe5599874177306443ca03d48de6bd1724(created@2168662);5b973ced86ed11e8ccde10541765b2fe5599874177306443ca03d48de6bd1724(created@2168662);5b973ced86ed11e8ccde10541765b2fe5599874177306443ca03d48de6bd1724(spent@2168662);5b973ced86ed11e8ccde10541765b2fe5599874177306443ca03d48de6bd1724(spent@2168662);96db2210bef3cd32cf11ca438cb3aada3cdb6c2975f8d03a755c24baa285caf1(created@2168717);96db2210bef3cd32cf11ca438cb3aada3cdb6c2975f8d03a755c24baa285caf1(created@2168717);96db2210bef3cd32cf11ca438cb3aada3cdb6c2975f8d03a755c24baa285caf1(spent@2168717);f778ddb0b1616b245a01a802395b67caaf121f3468d2fd17ebe9d5698bd70318(created@2168733);f778ddb0b1616b245a01a802395b67caaf121f3468d2fd17ebe9d5698bd70318(created@2168733);f778ddb0b1616b245a01a802395b67caaf121f3468d2fd17ebe9d5698bd70318(spent@2168733);dc1f7096e827a0c392940d80e8f44234ae4b663e6461465e4bb6192043541c14(created@2168751);dc1f7096e827a0c392940d80e8f44234ae4b663e6461465e4bb6192043541c14(created@2168751);dc1f7096e827a0c392940d80e8f44234ae4b663e6461465e4bb6192043541c14(spent@2168751);c7165e81e3047a6317825d015ec4e3961959ed1ae3ad664814f7736717774033(created@2168768);c7165e81e3047a6317825d015ec4e3961959ed1ae3ad664814f7736717774033(created@2168768);c7165e81e3047a6317825d015ec4e3961959ed1ae3ad664814f7736717774033(spent@2168768);d8ec8454e1ac53783f006ed02f229256bdc860912b890ede0c0cdc209bccb915(created@2168789);d8ec8454e1ac53783f006ed02f229256bdc860912b890ede0c0cdc209bccb915(created@2168789);d8ec8454e1ac53783f006ed02f229256bdc860912b890ede0c0cdc209bccb915(spent@2168789);f39b64f69067a8438bd4aa2ac1cb124c4779b0c6c50c159e4c330eed430793ed(created@2168799);f39b64f69067a8438bd4aa2ac1cb124c4779b0c6c50c159e4c330eed430793ed(created@2168799);f39b64f69067a8438bd4aa2ac1cb124c4779b0c6c50c159e4c330eed430793ed(spent@2168799);f806b914aa808decf2113d5ca19a8cf0ce49cdb19722788eeb2d56ece327801d(created@2168818);f806b914aa808decf2113d5ca19a8cf0ce49cdb19722788eeb2d56ece327801d(created@2168818)"
"mn_addr_preprod1tulkgkmdzxnakfy4f50gpwvwg7cmv66n2ua4mm4tenqesqfqv56qgkd6l4",146,73,73,2149685,2200249,"3792b8d9d478df506ef5bd049502e495c3c5a96580c4eb49a2b2a7be7a9ce5fa(created@2149685);3792b8d9d478df506ef5bd049502e495c3c5a96580c4eb49a2b2a7be7a9ce5fa(spent@2149685);d18550b0cb5a2bd381e74dd9dbfaf2a02d89653e74afb1c735f1a7cce1c4b954(created@2151342);d18550b0cb5a2bd381e74dd9dbfaf2a02d89653e74afb1c735f1a7cce1c4b954(spent@2151342);8cc373186d569c259f2c02997f302de40dd1c37bb090996cf4bf18906c9cf42a(created@2154283);8cc373186d569c259f2c02997f302de40dd1c37bb090996cf4bf18906c9cf42a(spent@2154283);012a34a41a91b219c27cd593cea37cea82ef47f90a450990f4529853a833f599(created@2154782);012a34a41a91b219c27cd593cea37cea82ef47f90a450990f4529853a833f599(spent@2154782);5e5746553855c448ddcf8e30fd4ed7f55d3d7773a3a95fd86ae82e80b9fa014b(created@2155132);5e5746553855c448ddcf8e30fd4ed7f55d3d7773a3a95fd86ae82e80b9fa014b(spent@2155132);bafe93884fbc26f157ed380c7038492d1c41ed903911b4954247052a9201aab0(created@2156256);bafe93884fbc26f157ed380c7038492d1c41ed903911b4954247052a9201aab0(spent@2156256);c850089f4f1b78b2d75155bb3df0d5bf85605fe8b5c0801c3c3eb411e584f7b5(created@2156884);c850089f4f1b78b2d75155bb3df0d5bf85605fe8b5c0801c3c3eb411e584f7b5(spent@2156884);7fe3a8b30f2def607e5367fb3fce323ec2873b8debea9117baced84075eeaef9(created@2157056);7fe3a8b30f2def607e5367fb3fce323ec2873b8debea9117baced84075eeaef9(spent@2157056);f513686bc809caef9ca56a226bb932ce0bb5e7f3a694b4c85645e03e14f61380(created@2157144);f513686bc809caef9ca56a226bb932ce0bb5e7f3a694b4c85645e03e14f61380(spent@2157144);04c202f336f4f720412531a07ef16714ea68612a456a3e195cbfc57d0dc61b2b(created@2157573);04c202f336f4f720412531a07ef16714ea68612a456a3e195cbfc57d0dc61b2b(spent@2157573);fa11fa7b55946f4b3370672d63c99be8775da5a66f42a7c1fb9747f4ae2b3fa5(created@2158303);fa11fa7b55946f4b3370672d63c99be8775da5a66f42a7c1fb9747f4ae2b3fa5(spent@2158303);f056d94fc509f3d6ddc48d89b3f8cb2d9ef93b8385930fa5434339dc0140005c(created@2158408);f056d94fc509f3d6ddc48d89b3f8cb2d9ef93b8385930fa5434339dc0140005c(spent@2158408);511934b192dd50258336791b1e440ee581dace27bb8bd2942bb739524b00700f(created@2158519)"
"mn_addr_preprod1wssgrx7f3er0dwdj6kun5e4s334u2wvcwpuvu7yz77wdz5stf7mqlt3lx9",118,59,59,2166756,2196626,"669e83ee6b766de36cdadb8015995bda770d1b2116700cc7f029b3590c1fd0a6(created@2166756);669e83ee6b766de36cdadb8015995bda770d1b2116700cc7f029b3590c1fd0a6(created@2166756);669e83ee6b766de36cdadb8015995bda770d1b2116700cc7f029b3590c1fd0a6(spent@2166756);fab1bf18e951eb2d3c585f6bbdd74272a8f1a09a4e26c040871bfbf32120fe6e(created@2167345);fab1bf18e951eb2d3c585f6bbdd74272a8f1a09a4e26c040871bfbf32120fe6e(created@2167345);e7d2fd90a813a7b5f2e66c954d6afa93208983c6ed1bd4171cd3d099f2473ac8(created@2167362);e7d2fd90a813a7b5f2e66c954d6afa93208983c6ed1bd4171cd3d099f2473ac8(created@2167362);e7d2fd90a813a7b5f2e66c954d6afa93208983c6ed1bd4171cd3d099f2473ac8(spent@2167362);e7d2fd90a813a7b5f2e66c954d6afa93208983c6ed1bd4171cd3d099f2473ac8(spent@2167362);5579a80bb288ddef039d674855c1dd885ff6a4218b49f2283b7ecaf4f6b6fe9b(created@2168225);5579a80bb288ddef039d674855c1dd885ff6a4218b49f2283b7ecaf4f6b6fe9b(created@2168225);5579a80bb288ddef039d674855c1dd885ff6a4218b49f2283b7ecaf4f6b6fe9b(spent@2168225);5579a80bb288ddef039d674855c1dd885ff6a4218b49f2283b7ecaf4f6b6fe9b(spent@2168225);5579a80bb288ddef039d674855c1dd885ff6a4218b49f2283b7ecaf4f6b6fe9b(spent@2168225);5579a80bb288ddef039d674855c1dd885ff6a4218b49f2283b7ecaf4f6b6fe9b(spent@2168225);5579a80bb288ddef039d674855c1dd885ff6a4218b49f2283b7ecaf4f6b6fe9b(spent@2168225);f7970b71ad4e237ef0c12af261ff1f612fef7c47053550f0d78d2dd990a71345(created@2168240);f7970b71ad4e237ef0c12af261ff1f612fef7c47053550f0d78d2dd990a71345(created@2168240);ef1c842e6c48bbd305705bb4c38eaf0026ff041c232c658e3ab43bf41ee6cc4d(created@2168252);ef1c842e6c48bbd305705bb4c38eaf0026ff041c232c658e3ab43bf41ee6cc4d(created@2168252);ef1c842e6c48bbd305705bb4c38eaf0026ff041c232c658e3ab43bf41ee6cc4d(spent@2168252);ef1c842e6c48bbd305705bb4c38eaf0026ff041c232c658e3ab43bf41ee6cc4d(spent@2168252);ef1c842e6c48bbd305705bb4c38eaf0026ff041c232c658e3ab43bf41ee6cc4d(spent@2168252);ef1c842e6c48bbd305705bb4c38eaf0026ff041c232c658e3ab43bf41ee6cc4d(spent@2168252);96220eef1b3caccb221fdf3155528625f95c08482fb89edbb3cdf2a0d479cda6(created@2168269)"
"mn_addr_preprod1yes7584374jq6wegsl3texnff2lszufnxzwv7qhmndqp0svfpr3s3s2zfr",112,60,52,2166689,2183575,"1a4c107c554b986e531c7f12dbe893fe99197d049733b8b83ff77df0a4460101(created@2166689);1a4c107c554b986e531c7f12dbe893fe99197d049733b8b83ff77df0a4460101(created@2166689);1a4c107c554b986e531c7f12dbe893fe99197d049733b8b83ff77df0a4460101(spent@2166689);1a4c107c554b986e531c7f12dbe893fe99197d049733b8b83ff77df0a4460101(spent@2166689);6d4bcad0185852e1c2b831dbc5fd3429c5373d4d1a1f5a6b029831262a87defd(created@2166701);6d4bcad0185852e1c2b831dbc5fd3429c5373d4d1a1f5a6b029831262a87defd(created@2166701);6d4bcad0185852e1c2b831dbc5fd3429c5373d4d1a1f5a6b029831262a87defd(spent@2166701);6d4bcad0185852e1c2b831dbc5fd3429c5373d4d1a1f5a6b029831262a87defd(spent@2166701);50ad7ad4b711173ef0eadf8f4c5e51766bf13bc04fa29695b7090f5207abc452(created@2166712);50ad7ad4b711173ef0eadf8f4c5e51766bf13bc04fa29695b7090f5207abc452(created@2166712);50ad7ad4b711173ef0eadf8f4c5e51766bf13bc04fa29695b7090f5207abc452(spent@2166712);50ad7ad4b711173ef0eadf8f4c5e51766bf13bc04fa29695b7090f5207abc452(spent@2166712);07ee67837e0b58d60d94b74f14545b0479bd24c2c15f02b912e600039bfa968f(created@2166725);07ee67837e0b58d60d94b74f14545b0479bd24c2c15f02b912e600039bfa968f(created@2166725);07ee67837e0b58d60d94b74f14545b0479bd24c2c15f02b912e600039bfa968f(spent@2166725);5ae45c733ea9073bb6e5db1dfa8fa9e8896d0fe848cc4005244b63b672e7487c(created@2166735);5ae45c733ea9073bb6e5db1dfa8fa9e8896d0fe848cc4005244b63b672e7487c(created@2166735);5ae45c733ea9073bb6e5db1dfa8fa9e8896d0fe848cc4005244b63b672e7487c(spent@2166735);5ae45c733ea9073bb6e5db1dfa8fa9e8896d0fe848cc4005244b63b672e7487c(spent@2166735);815ba1c24f9ca0881ce336c6e209b171c873b2728318c7aee0d52e675a07b47b(created@2166749);815ba1c24f9ca0881ce336c6e209b171c873b2728318c7aee0d52e675a07b47b(created@2166749);815ba1c24f9ca0881ce336c6e209b171c873b2728318c7aee0d52e675a07b47b(spent@2166749);815ba1c24f9ca0881ce336c6e209b171c873b2728318c7aee0d52e675a07b47b(spent@2166749);815ba1c24f9ca0881ce336c6e209b171c873b2728318c7aee0d52e675a07b47b(spent@2166749);77bd704388ded2add943210f4e66d4f0ee52ee821cf01d2c7eb20f68dfc85ed8(created@2166762)"
"mn_addr_preprod1x0v9p3muzp0kay5h2qsylkq8e3sjp7wmw2n6n03a4w22jm63ckgswns80n",107,47,60,2183377,2197350,"b18d345e9f02b1a4a613cd4ef12e136d8b638a3a2e37dce6e7da2ed648df454b(spent@2183377);b18d345e9f02b1a4a613cd4ef12e136d8b638a3a2e37dce6e7da2ed648df454b(spent@2183377);b18d345e9f02b1a4a613cd4ef12e136d8b638a3a2e37dce6e7da2ed648df454b(spent@2183377);b18d345e9f02b1a4a613cd4ef12e136d8b638a3a2e37dce6e7da2ed648df454b(spent@2183377);780a668dfb82bf759091c70cfe264bbf6b4a5af81f0c0833572ca06ced15b95c(created@2183404);780a668dfb82bf759091c70cfe264bbf6b4a5af81f0c0833572ca06ced15b95c(created@2183404);780a668dfb82bf759091c70cfe264bbf6b4a5af81f0c0833572ca06ced15b95c(spent@2183404);780a668dfb82bf759091c70cfe264bbf6b4a5af81f0c0833572ca06ced15b95c(spent@2183404);780a668dfb82bf759091c70cfe264bbf6b4a5af81f0c0833572ca06ced15b95c(spent@2183404);5a38e5e5fbb2f77694a6cc3d8f7f3ebbc84bec7d91b6540f551e84c0a87259e5(created@2183444);5a38e5e5fbb2f77694a6cc3d8f7f3ebbc84bec7d91b6540f551e84c0a87259e5(created@2183444);5a38e5e5fbb2f77694a6cc3d8f7f3ebbc84bec7d91b6540f551e84c0a87259e5(spent@2183444);5a38e5e5fbb2f77694a6cc3d8f7f3ebbc84bec7d91b6540f551e84c0a87259e5(spent@2183444);5a38e5e5fbb2f77694a6cc3d8f7f3ebbc84bec7d91b6540f551e84c0a87259e5(spent@2183444);5a38e5e5fbb2f77694a6cc3d8f7f3ebbc84bec7d91b6540f551e84c0a87259e5(spent@2183444);a9098a8dce719c42234bb8e8825e4855666b49694b0b4712fbbfd8597f6efa0a(created@2183455);a9098a8dce719c42234bb8e8825e4855666b49694b0b4712fbbfd8597f6efa0a(created@2183455);a9098a8dce719c42234bb8e8825e4855666b49694b0b4712fbbfd8597f6efa0a(spent@2183455);a9098a8dce719c42234bb8e8825e4855666b49694b0b4712fbbfd8597f6efa0a(spent@2183455);a9098a8dce719c42234bb8e8825e4855666b49694b0b4712fbbfd8597f6efa0a(spent@2183455);f6ade7b490bef06d9483303cc84d629c57f7e7f9b48b6cef70e1db07b56b7236(created@2183511);f6ade7b490bef06d9483303cc84d629c57f7e7f9b48b6cef70e1db07b56b7236(created@2183511);f6ade7b490bef06d9483303cc84d629c57f7e7f9b48b6cef70e1db07b56b7236(spent@2183511);f6ade7b490bef06d9483303cc84d629c57f7e7f9b48b6cef70e1db07b56b7236(spent@2183511);f6ade7b490bef06d9483303cc84d629c57f7e7f9b48b6cef70e1db07b56b7236(spent@2183511)"
"mn_addr_preprod1mtnk4f9ps7hhyrfzngh9gjhaqesqdng7e67hkes6u69pfmz486yq38gas7",98,48,50,2154322,2196702,"29a7f13ead359b4f9bb2e411eb3a7671a3748970d9c54e4479b4cb820ba4f648(created@2154322);29a7f13ead359b4f9bb2e411eb3a7671a3748970d9c54e4479b4cb820ba4f648(created@2154322);29a7f13ead359b4f9bb2e411eb3a7671a3748970d9c54e4479b4cb820ba4f648(spent@2154322);29a7f13ead359b4f9bb2e411eb3a7671a3748970d9c54e4479b4cb820ba4f648(spent@2154322);29a7f13ead359b4f9bb2e411eb3a7671a3748970d9c54e4479b4cb820ba4f648(spent@2154322);29a7f13ead359b4f9bb2e411eb3a7671a3748970d9c54e4479b4cb820ba4f648(spent@2154322);9bc8be7211437ebd018d5d72d2d467c7f96f95149d7dea986efaacaf7536956c(created@2154333);9bc8be7211437ebd018d5d72d2d467c7f96f95149d7dea986efaacaf7536956c(created@2154333);9bc8be7211437ebd018d5d72d2d467c7f96f95149d7dea986efaacaf7536956c(spent@2154333);9bc8be7211437ebd018d5d72d2d467c7f96f95149d7dea986efaacaf7536956c(spent@2154333);9bc8be7211437ebd018d5d72d2d467c7f96f95149d7dea986efaacaf7536956c(spent@2154333);9bc8be7211437ebd018d5d72d2d467c7f96f95149d7dea986efaacaf7536956c(spent@2154333);4489c6abb2aa0cc4fe2b7a17ccedb45a2e6cc3e673a1df996c62d400b8884f84(created@2154343);4489c6abb2aa0cc4fe2b7a17ccedb45a2e6cc3e673a1df996c62d400b8884f84(created@2154343);41e6b48860c5ae37a13b78b919c2b5879fa354fc3c216003b3723578b3c70aeb(created@2154356);41e6b48860c5ae37a13b78b919c2b5879fa354fc3c216003b3723578b3c70aeb(created@2154356);769a9f46e13ac17ca7e7c2a418cdab0d0ba6d4d645780339bf481d12a46f04ce(created@2154366);769a9f46e13ac17ca7e7c2a418cdab0d0ba6d4d645780339bf481d12a46f04ce(created@2154366);769a9f46e13ac17ca7e7c2a418cdab0d0ba6d4d645780339bf481d12a46f04ce(spent@2154366);6c97555cbedaf9d393f6bcd9d459bc3b06cb014e9e5d991295325cee469d765f(created@2154375);6c97555cbedaf9d393f6bcd9d459bc3b06cb014e9e5d991295325cee469d765f(created@2154375);6c97555cbedaf9d393f6bcd9d459bc3b06cb014e9e5d991295325cee469d765f(spent@2154375);9b8868bfbe013564c6873bf5c7a8b6c2df891ba6beeb42ce8cb73dd8afc7de6a(created@2154409);9b8868bfbe013564c6873bf5c7a8b6c2df891ba6beeb42ce8cb73dd8afc7de6a(created@2154409);9b8868bfbe013564c6873bf5c7a8b6c2df891ba6beeb42ce8cb73dd8afc7de6a(spent@2154409)"
"mn_addr_preprod1vwu9p6hwa990h0ypak7zemas7lt2fju8mnsvkg0ftx4gt7hzmersgjehxw",82,40,42,2166947,2196900,"cc45ed45c2b7f861c9fd3724ad0557efa16705179dfa8e55106aa2e55afe18d4(created@2166947);cc45ed45c2b7f861c9fd3724ad0557efa16705179dfa8e55106aa2e55afe18d4(created@2166947);cc45ed45c2b7f861c9fd3724ad0557efa16705179dfa8e55106aa2e55afe18d4(spent@2166947);1f6de78ee7cdaf77dba68dbd12fd1a658d76139ba8c372ef9c5345ea31b9d34a(created@2166965);1f6de78ee7cdaf77dba68dbd12fd1a658d76139ba8c372ef9c5345ea31b9d34a(created@2166965);1f6de78ee7cdaf77dba68dbd12fd1a658d76139ba8c372ef9c5345ea31b9d34a(spent@2166965);1f6de78ee7cdaf77dba68dbd12fd1a658d76139ba8c372ef9c5345ea31b9d34a(spent@2166965);1f6de78ee7cdaf77dba68dbd12fd1a658d76139ba8c372ef9c5345ea31b9d34a(spent@2166965);1f6de78ee7cdaf77dba68dbd12fd1a658d76139ba8c372ef9c5345ea31b9d34a(spent@2166965);123aa0b732a8e955e8b0a12458e2f158aa74ffd1436ec39ded3755cc82276063(created@2167001);123aa0b732a8e955e8b0a12458e2f158aa74ffd1436ec39ded3755cc82276063(created@2167001);c6c5b5549362b52da2ba40ee87abe0e9527ce706426aedeb293568103e0061c0(created@2167032);c6c5b5549362b52da2ba40ee87abe0e9527ce706426aedeb293568103e0061c0(created@2167032);c6c5b5549362b52da2ba40ee87abe0e9527ce706426aedeb293568103e0061c0(spent@2167032);c6c5b5549362b52da2ba40ee87abe0e9527ce706426aedeb293568103e0061c0(spent@2167032);c6c5b5549362b52da2ba40ee87abe0e9527ce706426aedeb293568103e0061c0(spent@2167032);c6c5b5549362b52da2ba40ee87abe0e9527ce706426aedeb293568103e0061c0(spent@2167032);3f702545d5faad04bb4f647d78a225580524a05f204fd17c86edd9b71ee00f8c(created@2167056);3f702545d5faad04bb4f647d78a225580524a05f204fd17c86edd9b71ee00f8c(created@2167056);3f702545d5faad04bb4f647d78a225580524a05f204fd17c86edd9b71ee00f8c(spent@2167056);3f702545d5faad04bb4f647d78a225580524a05f204fd17c86edd9b71ee00f8c(spent@2167056);3f702545d5faad04bb4f647d78a225580524a05f204fd17c86edd9b71ee00f8c(spent@2167056);3f702545d5faad04bb4f647d78a225580524a05f204fd17c86edd9b71ee00f8c(spent@2167056);bfbec2e67cc006cae5dd1d06295dd4b95ae513f8332c749888313c8ee6e70df7(created@2167065);bfbec2e67cc006cae5dd1d06295dd4b95ae513f8332c749888313c8ee6e70df7(created@2167065)"
"mn_addr_preprod1yypq9jay59da5vn5cn0nyg0p2lt80pstzrdlnprd7pm7m4zzq4tq0rj4pg",79,38,41,2167434,2197378,"7db9edf7601f279ba8087a235af1aa805f2368534388b66de447aa672f2d6fcf(created@2167434);7db9edf7601f279ba8087a235af1aa805f2368534388b66de447aa672f2d6fcf(created@2167434);7db9edf7601f279ba8087a235af1aa805f2368534388b66de447aa672f2d6fcf(spent@2167434);07f5560570bbb8880d727d4c4a87adb6d95ead41fd5511c36d2ccaef74f7f8ea(created@2167451);07f5560570bbb8880d727d4c4a87adb6d95ead41fd5511c36d2ccaef74f7f8ea(created@2167451);07f5560570bbb8880d727d4c4a87adb6d95ead41fd5511c36d2ccaef74f7f8ea(spent@2167451);5ebf956cf42bad07beb93f84acf811c4d7b52aae12a0226d8e54b9b34e1281b9(created@2167468);5ebf956cf42bad07beb93f84acf811c4d7b52aae12a0226d8e54b9b34e1281b9(created@2167468);5ebf956cf42bad07beb93f84acf811c4d7b52aae12a0226d8e54b9b34e1281b9(spent@2167468);5ebf956cf42bad07beb93f84acf811c4d7b52aae12a0226d8e54b9b34e1281b9(spent@2167468);dc6feccbe4e28dc73be707fc8128e20134e17223958abb948a2d442d8dd54c58(created@2167480);dc6feccbe4e28dc73be707fc8128e20134e17223958abb948a2d442d8dd54c58(created@2167480);dc6feccbe4e28dc73be707fc8128e20134e17223958abb948a2d442d8dd54c58(spent@2167480);9e5d910cbef311e123ff89622fe903f3dc6cc3d488e77fbeaa2e94f39db92b5f(created@2167497);9e5d910cbef311e123ff89622fe903f3dc6cc3d488e77fbeaa2e94f39db92b5f(created@2167497);9e5d910cbef311e123ff89622fe903f3dc6cc3d488e77fbeaa2e94f39db92b5f(spent@2167497);9e5d910cbef311e123ff89622fe903f3dc6cc3d488e77fbeaa2e94f39db92b5f(spent@2167497);9e5d910cbef311e123ff89622fe903f3dc6cc3d488e77fbeaa2e94f39db92b5f(spent@2167497);bf3ba41085d43df9eb5cbfa30fada722458409e36d779aaaf32e43f8c1aaad33(created@2167508);bf3ba41085d43df9eb5cbfa30fada722458409e36d779aaaf32e43f8c1aaad33(created@2167508);bf3ba41085d43df9eb5cbfa30fada722458409e36d779aaaf32e43f8c1aaad33(spent@2167508);bf3ba41085d43df9eb5cbfa30fada722458409e36d779aaaf32e43f8c1aaad33(spent@2167508);591a606618d7a183f1d834b8e734d2bcd77e4578b154af44746a5066ab7c3e1d(created@2167541);591a606618d7a183f1d834b8e734d2bcd77e4578b154af44746a5066ab7c3e1d(created@2167541);313a359d2fb6fd6e448afa63bdf26f505b9a8fe1248f8d68a5265a4cedb763c3(created@2167562)"
"mn_addr_preprod1vrm5vw5zrpvs43x348sh2ylfwwtp5czsnpjcwjcejcvf04q5ljsqjet8w8",79,41,38,2168081,2197693,"65c1b8fa51f2ca023b61d81992eb4c16befcc0f60a55eb09713adcd93ba3a976(created@2168081);65c1b8fa51f2ca023b61d81992eb4c16befcc0f60a55eb09713adcd93ba3a976(created@2168081);65c1b8fa51f2ca023b61d81992eb4c16befcc0f60a55eb09713adcd93ba3a976(spent@2168081);1352bd01cbefb8ac75c7b95012a3efd732e77c3de337993d972e15703ba195c0(created@2168288);1352bd01cbefb8ac75c7b95012a3efd732e77c3de337993d972e15703ba195c0(created@2168288);1352bd01cbefb8ac75c7b95012a3efd732e77c3de337993d972e15703ba195c0(spent@2168288);1352bd01cbefb8ac75c7b95012a3efd732e77c3de337993d972e15703ba195c0(spent@2168288);1352bd01cbefb8ac75c7b95012a3efd732e77c3de337993d972e15703ba195c0(spent@2168288);1352bd01cbefb8ac75c7b95012a3efd732e77c3de337993d972e15703ba195c0(spent@2168288);b99452bee5520410e156d6135fe12d2c4481acfdd8096265160773225f64e72d(created@2168446);b99452bee5520410e156d6135fe12d2c4481acfdd8096265160773225f64e72d(created@2168446);b99452bee5520410e156d6135fe12d2c4481acfdd8096265160773225f64e72d(spent@2168446);b99452bee5520410e156d6135fe12d2c4481acfdd8096265160773225f64e72d(spent@2168446);b99452bee5520410e156d6135fe12d2c4481acfdd8096265160773225f64e72d(spent@2168446);b1fc16b7cc2becca17d190403ddd51d8d044626813d60ff0a059282d3d9a5237(created@2168459);b1fc16b7cc2becca17d190403ddd51d8d044626813d60ff0a059282d3d9a5237(created@2168459);b1fc16b7cc2becca17d190403ddd51d8d044626813d60ff0a059282d3d9a5237(spent@2168459);b1fc16b7cc2becca17d190403ddd51d8d044626813d60ff0a059282d3d9a5237(spent@2168459);b1fc16b7cc2becca17d190403ddd51d8d044626813d60ff0a059282d3d9a5237(spent@2168459);084750ab29ce24b07f08beb8af08324a4271cf8c066f900d542b18e14641bb75(created@2168469);084750ab29ce24b07f08beb8af08324a4271cf8c066f900d542b18e14641bb75(created@2168469);21a430520d29335eed7dfbddb8aec74915c6e2b9eff52a6816785f693824f15e(created@2168479);21a430520d29335eed7dfbddb8aec74915c6e2b9eff52a6816785f693824f15e(created@2168479);78d539029d993ddba68f5383569a1e70b715fec533714b8f967261c89c819dbd(created@2182900);78d539029d993ddba68f5383569a1e70b715fec533714b8f967261c89c819dbd(created@2182900)"
"mn_addr_preprod1kzx75nm3q9c6zrn7hz0pe68vkd2zm8cwk634vwg9xz395zp6sezszpqndr",77,35,42,2167662,2198396,"1244633d1353c99704c3152c1c0ef57bae6d1928d91da5660baa3a0f11e1356a(created@2167662);1244633d1353c99704c3152c1c0ef57bae6d1928d91da5660baa3a0f11e1356a(created@2167662);1244633d1353c99704c3152c1c0ef57bae6d1928d91da5660baa3a0f11e1356a(spent@2167662);1244633d1353c99704c3152c1c0ef57bae6d1928d91da5660baa3a0f11e1356a(spent@2167662);1244633d1353c99704c3152c1c0ef57bae6d1928d91da5660baa3a0f11e1356a(spent@2167662);1244633d1353c99704c3152c1c0ef57bae6d1928d91da5660baa3a0f11e1356a(spent@2167662);c4be167a45cd11da2c481c6b5532ce2ce8be91e0cd51e9e47a96e8f7c74075be(created@2167675);c4be167a45cd11da2c481c6b5532ce2ce8be91e0cd51e9e47a96e8f7c74075be(created@2167675);c4be167a45cd11da2c481c6b5532ce2ce8be91e0cd51e9e47a96e8f7c74075be(spent@2167675);c4be167a45cd11da2c481c6b5532ce2ce8be91e0cd51e9e47a96e8f7c74075be(spent@2167675);c4be167a45cd11da2c481c6b5532ce2ce8be91e0cd51e9e47a96e8f7c74075be(spent@2167675);c4be167a45cd11da2c481c6b5532ce2ce8be91e0cd51e9e47a96e8f7c74075be(spent@2167675);753b312bde14560f3010c3ce94ae1fa3644243a2c5715d1e5b32ab9393da192f(created@2167721);753b312bde14560f3010c3ce94ae1fa3644243a2c5715d1e5b32ab9393da192f(created@2167721);753b312bde14560f3010c3ce94ae1fa3644243a2c5715d1e5b32ab9393da192f(spent@2167721);753b312bde14560f3010c3ce94ae1fa3644243a2c5715d1e5b32ab9393da192f(spent@2167721);753b312bde14560f3010c3ce94ae1fa3644243a2c5715d1e5b32ab9393da192f(spent@2167721);753b312bde14560f3010c3ce94ae1fa3644243a2c5715d1e5b32ab9393da192f(spent@2167721);753b312bde14560f3010c3ce94ae1fa3644243a2c5715d1e5b32ab9393da192f(spent@2167721);461158ea579a2e6271340e124630f7700825cbd2303840dda0a746e9608dd938(created@2167735);461158ea579a2e6271340e124630f7700825cbd2303840dda0a746e9608dd938(created@2167735);461158ea579a2e6271340e124630f7700825cbd2303840dda0a746e9608dd938(spent@2167735);461158ea579a2e6271340e124630f7700825cbd2303840dda0a746e9608dd938(spent@2167735);461158ea579a2e6271340e124630f7700825cbd2303840dda0a746e9608dd938(spent@2167735);6fc8fe15957f235bc64bda91d662b02056360688d2e65367a17360909f1c29f5(created@2167753)"
"mn_addr_preprod1m3ww0529xpjdv87vf587stf5qegly0tsmly5q4njs0vx2gdj8jjsg0m3fn",75,40,35,2167260,2198294,"d162cd9e1590eef6540bdb8ac5ae857b0303dae9361be95e26b5917bc4c90757(created@2167260);d162cd9e1590eef6540bdb8ac5ae857b0303dae9361be95e26b5917bc4c90757(created@2167260);d162cd9e1590eef6540bdb8ac5ae857b0303dae9361be95e26b5917bc4c90757(spent@2167260);d162cd9e1590eef6540bdb8ac5ae857b0303dae9361be95e26b5917bc4c90757(spent@2167260);d162cd9e1590eef6540bdb8ac5ae857b0303dae9361be95e26b5917bc4c90757(spent@2167260);daa2cc62dd1610293f4340bd8c44d51279294d17820d514922bf6eaa1844945c(created@2167272);daa2cc62dd1610293f4340bd8c44d51279294d17820d514922bf6eaa1844945c(created@2167272);daa2cc62dd1610293f4340bd8c44d51279294d17820d514922bf6eaa1844945c(spent@2167272);69b14e8c4130d85eb4bcbcce9e7b56a04514109138dae251a80ffbf78e3a4f29(created@2167317);69b14e8c4130d85eb4bcbcce9e7b56a04514109138dae251a80ffbf78e3a4f29(created@2167317);69b14e8c4130d85eb4bcbcce9e7b56a04514109138dae251a80ffbf78e3a4f29(spent@2167317);69b14e8c4130d85eb4bcbcce9e7b56a04514109138dae251a80ffbf78e3a4f29(spent@2167317);69b14e8c4130d85eb4bcbcce9e7b56a04514109138dae251a80ffbf78e3a4f29(spent@2167317);b7eaebdc42f122300e8e1392a7782992bbd90025f356ace2445029e7f99ec5b8(created@2167337);b7eaebdc42f122300e8e1392a7782992bbd90025f356ace2445029e7f99ec5b8(created@2167337);b7eaebdc42f122300e8e1392a7782992bbd90025f356ace2445029e7f99ec5b8(spent@2167337);b7eaebdc42f122300e8e1392a7782992bbd90025f356ace2445029e7f99ec5b8(spent@2167337);b7eaebdc42f122300e8e1392a7782992bbd90025f356ace2445029e7f99ec5b8(spent@2167337);6477f61229326754d39175063670d37403ac3911d0ccee860bb8f51ed77b34fb(created@2167371);6477f61229326754d39175063670d37403ac3911d0ccee860bb8f51ed77b34fb(created@2167371);6477f61229326754d39175063670d37403ac3911d0ccee860bb8f51ed77b34fb(spent@2167371);6477f61229326754d39175063670d37403ac3911d0ccee860bb8f51ed77b34fb(spent@2167371);749be400c79443c92b7fc493befa8f324043b9f82349d5734d9a5e4cbde48e80(created@2167390);749be400c79443c92b7fc493befa8f324043b9f82349d5734d9a5e4cbde48e80(created@2167390);749be400c79443c92b7fc493befa8f324043b9f82349d5734d9a5e4cbde48e80(spent@2167390)"
"mn_addr_preprod1scets4cgq6ts5v6c2ghvm6vl8w3rnwqs2htcty6upgym92m4x0ws7pt4je",71,32,39,2166809,2196363,"78a913fa10a61afcaebc69878296906e1b1c25d3d79e32e58190dfa82224eeaa(created@2166809);78a913fa10a61afcaebc69878296906e1b1c25d3d79e32e58190dfa82224eeaa(created@2166809);78a913fa10a61afcaebc69878296906e1b1c25d3d79e32e58190dfa82224eeaa(spent@2166809);1a96c983b37df051dfcd685c7370930f8298ff07790cf5b0402e0ca1bf5986bb(created@2166823);1a96c983b37df051dfcd685c7370930f8298ff07790cf5b0402e0ca1bf5986bb(created@2166823);1a96c983b37df051dfcd685c7370930f8298ff07790cf5b0402e0ca1bf5986bb(spent@2166823);1a96c983b37df051dfcd685c7370930f8298ff07790cf5b0402e0ca1bf5986bb(spent@2166823);1a96c983b37df051dfcd685c7370930f8298ff07790cf5b0402e0ca1bf5986bb(spent@2166823);e38fb50c7b2e6b6e173b61d81dccce4ad3effa89b4dad117d144b1ec3f99427d(created@2166852);e38fb50c7b2e6b6e173b61d81dccce4ad3effa89b4dad117d144b1ec3f99427d(created@2166852);e38fb50c7b2e6b6e173b61d81dccce4ad3effa89b4dad117d144b1ec3f99427d(spent@2166852);e38fb50c7b2e6b6e173b61d81dccce4ad3effa89b4dad117d144b1ec3f99427d(spent@2166852);e38fb50c7b2e6b6e173b61d81dccce4ad3effa89b4dad117d144b1ec3f99427d(spent@2166852);3755dbff07ab5120062c8cd195d66e447794846226276cd46e2b0c60f75deafc(created@2166870);3755dbff07ab5120062c8cd195d66e447794846226276cd46e2b0c60f75deafc(created@2166870);3755dbff07ab5120062c8cd195d66e447794846226276cd46e2b0c60f75deafc(spent@2166870);3755dbff07ab5120062c8cd195d66e447794846226276cd46e2b0c60f75deafc(spent@2166870);3755dbff07ab5120062c8cd195d66e447794846226276cd46e2b0c60f75deafc(spent@2166870);3755dbff07ab5120062c8cd195d66e447794846226276cd46e2b0c60f75deafc(spent@2166870);3755dbff07ab5120062c8cd195d66e447794846226276cd46e2b0c60f75deafc(spent@2166870);512fc9e565e1a1448f190596ee80d05066a16981e54b48590d17ec4d5612eae6(created@2166880);512fc9e565e1a1448f190596ee80d05066a16981e54b48590d17ec4d5612eae6(created@2166880);512fc9e565e1a1448f190596ee80d05066a16981e54b48590d17ec4d5612eae6(spent@2166880);512fc9e565e1a1448f190596ee80d05066a16981e54b48590d17ec4d5612eae6(spent@2166880);512fc9e565e1a1448f190596ee80d05066a16981e54b48590d17ec4d5612eae6(spent@2166880)"
"mn_addr_preprod125qwdmplnhdrckeuk4nxzzy5ww9cdcs8hwshzr0yqjx6svgsdkjqn3sfms",66,25,41,2154283,2196380,"8cc373186d569c259f2c02997f302de40dd1c37bb090996cf4bf18906c9cf42a(created@2154283);5862831e09e1137dd6c67ff3ca024a515719a20824cb0452760786a4955e6f75(created@2154298);5862831e09e1137dd6c67ff3ca024a515719a20824cb0452760786a4955e6f75(created@2154298);5862831e09e1137dd6c67ff3ca024a515719a20824cb0452760786a4955e6f75(spent@2154298);5862831e09e1137dd6c67ff3ca024a515719a20824cb0452760786a4955e6f75(spent@2154298);5862831e09e1137dd6c67ff3ca024a515719a20824cb0452760786a4955e6f75(spent@2154298);5862831e09e1137dd6c67ff3ca024a515719a20824cb0452760786a4955e6f75(spent@2154298);bca622f39148b386c7f596c580bd69f91b67ac98aef77f206f87dafbbdec7e88(created@2154310);bca622f39148b386c7f596c580bd69f91b67ac98aef77f206f87dafbbdec7e88(created@2154310);bca622f39148b386c7f596c580bd69f91b67ac98aef77f206f87dafbbdec7e88(spent@2154310);4b623c7336d73c0fd0ab07f3a345385a1728f24f3ac745ef74fed9cda958196f(created@2154339);4b623c7336d73c0fd0ab07f3a345385a1728f24f3ac745ef74fed9cda958196f(created@2154339);4b623c7336d73c0fd0ab07f3a345385a1728f24f3ac745ef74fed9cda958196f(spent@2154339);4b623c7336d73c0fd0ab07f3a345385a1728f24f3ac745ef74fed9cda958196f(spent@2154339);4b623c7336d73c0fd0ab07f3a345385a1728f24f3ac745ef74fed9cda958196f(spent@2154339);4b623c7336d73c0fd0ab07f3a345385a1728f24f3ac745ef74fed9cda958196f(spent@2154339);4b623c7336d73c0fd0ab07f3a345385a1728f24f3ac745ef74fed9cda958196f(spent@2154339);7f7f5b3e40e8fc35156322470c40c3f9f305b92eb9f27e96087e240b8e78055a(created@2154370);7f7f5b3e40e8fc35156322470c40c3f9f305b92eb9f27e96087e240b8e78055a(created@2154370);7f7f5b3e40e8fc35156322470c40c3f9f305b92eb9f27e96087e240b8e78055a(spent@2154370);7f7f5b3e40e8fc35156322470c40c3f9f305b92eb9f27e96087e240b8e78055a(spent@2154370);27d4aa7eb82b378e12f1fe1d41db69240655d539922bceb9de7052fb1d490199(created@2154384);27d4aa7eb82b378e12f1fe1d41db69240655d539922bceb9de7052fb1d490199(created@2154384);714031e726a5355d932eee142ed14b55ef53262b2a69bd29e957896cac3affd0(created@2196046);7e7f39c179d6d60d8f1f34e4220aeba6c0d1153efca5243aa1f613fac6a6f569(created@2196068)"
"mn_addr_preprod1n5k7vlx7q7xlmrquuh9uts4hztwyvurxstm8h8kd878qry0u5llsmrl8xq",65,32,33,2167223,2168854,"ebb6c3f3af2186d005fa023bb8f51cd938e749442514b7b8d69ec852fe00e506(created@2167223);ebb6c3f3af2186d005fa023bb8f51cd938e749442514b7b8d69ec852fe00e506(created@2167223);ebb6c3f3af2186d005fa023bb8f51cd938e749442514b7b8d69ec852fe00e506(spent@2167223);7801d4f5a22159a4eb82121aa2393c334130beb4b76f409a5f8ff9afe43c3d21(created@2167240);7801d4f5a22159a4eb82121aa2393c334130beb4b76f409a5f8ff9afe43c3d21(created@2167240);7801d4f5a22159a4eb82121aa2393c334130beb4b76f409a5f8ff9afe43c3d21(spent@2167240);7801d4f5a22159a4eb82121aa2393c334130beb4b76f409a5f8ff9afe43c3d21(spent@2167240);0f50b4583cac448d68a9362523cd5421e43e26768cacc6aa3ee53bdc1bb651ab(created@2167572);0f50b4583cac448d68a9362523cd5421e43e26768cacc6aa3ee53bdc1bb651ab(created@2167572);92d3c1ec4327de13ef63dbcad882d941be078bf17895c1cac431726cac8015d1(created@2167600);92d3c1ec4327de13ef63dbcad882d941be078bf17895c1cac431726cac8015d1(created@2167600);4b56f787ec4eec846ff9fec1b0a966a87f9ffbb008045bd4704dc536622dd2c0(created@2168612);4b56f787ec4eec846ff9fec1b0a966a87f9ffbb008045bd4704dc536622dd2c0(created@2168612);530c6c42dc0743e8ddc71ffa7bc920e38cf42cc06bae814d71e4a5bf1d0ca828(created@2168624);530c6c42dc0743e8ddc71ffa7bc920e38cf42cc06bae814d71e4a5bf1d0ca828(created@2168624);530c6c42dc0743e8ddc71ffa7bc920e38cf42cc06bae814d71e4a5bf1d0ca828(spent@2168624);530c6c42dc0743e8ddc71ffa7bc920e38cf42cc06bae814d71e4a5bf1d0ca828(spent@2168624);530c6c42dc0743e8ddc71ffa7bc920e38cf42cc06bae814d71e4a5bf1d0ca828(spent@2168624);530c6c42dc0743e8ddc71ffa7bc920e38cf42cc06bae814d71e4a5bf1d0ca828(spent@2168624);bb5655c4aefaa3ad09d6cb4ba37caa7c9bd26ec8481087153bc4ea04e2cb8948(created@2168636);bb5655c4aefaa3ad09d6cb4ba37caa7c9bd26ec8481087153bc4ea04e2cb8948(created@2168636);bb5655c4aefaa3ad09d6cb4ba37caa7c9bd26ec8481087153bc4ea04e2cb8948(spent@2168636);bb5655c4aefaa3ad09d6cb4ba37caa7c9bd26ec8481087153bc4ea04e2cb8948(spent@2168636);bb5655c4aefaa3ad09d6cb4ba37caa7c9bd26ec8481087153bc4ea04e2cb8948(spent@2168636);bb5655c4aefaa3ad09d6cb4ba37caa7c9bd26ec8481087153bc4ea04e2cb8948(spent@2168636)"
"mn_addr_preprod1zuplfks5nc3p0kz2u6sn78mzaycn9wgw2g8ge4s9qrtp02jc2r2qgevxrd",61,31,30,2167551,2198409,"fa0dd28cc1e86a94bf21f35e7d6cc17d234c4c9d55f8b17dd71bf9fec02a69e8(created@2167551);fa0dd28cc1e86a94bf21f35e7d6cc17d234c4c9d55f8b17dd71bf9fec02a69e8(created@2167551);fa0dd28cc1e86a94bf21f35e7d6cc17d234c4c9d55f8b17dd71bf9fec02a69e8(spent@2167551);fa0dd28cc1e86a94bf21f35e7d6cc17d234c4c9d55f8b17dd71bf9fec02a69e8(spent@2167551);fa0dd28cc1e86a94bf21f35e7d6cc17d234c4c9d55f8b17dd71bf9fec02a69e8(spent@2167551);2f52a550f302102e475a7b97eebe7740422e6527e8adc4d164b85eff3b63c906(created@2167582);2f52a550f302102e475a7b97eebe7740422e6527e8adc4d164b85eff3b63c906(created@2167582);2f52a550f302102e475a7b97eebe7740422e6527e8adc4d164b85eff3b63c906(spent@2167582);2f52a550f302102e475a7b97eebe7740422e6527e8adc4d164b85eff3b63c906(spent@2167582);2f52a550f302102e475a7b97eebe7740422e6527e8adc4d164b85eff3b63c906(spent@2167582);1c59183b645d57708423780a98cbc4c411b284a590c0a2f10b0f8489e95e5b4b(created@2167609);1c59183b645d57708423780a98cbc4c411b284a590c0a2f10b0f8489e95e5b4b(created@2167609);1c59183b645d57708423780a98cbc4c411b284a590c0a2f10b0f8489e95e5b4b(spent@2167609);1c59183b645d57708423780a98cbc4c411b284a590c0a2f10b0f8489e95e5b4b(spent@2167609);1c59183b645d57708423780a98cbc4c411b284a590c0a2f10b0f8489e95e5b4b(spent@2167609);1c59183b645d57708423780a98cbc4c411b284a590c0a2f10b0f8489e95e5b4b(spent@2167609);6bfa6a33c534145d8addaf8682d9be522fbe1bcd71a4f30bfd2b34a51c5eec1e(created@2167620);6bfa6a33c534145d8addaf8682d9be522fbe1bcd71a4f30bfd2b34a51c5eec1e(created@2167620);df7656e3637df454ac2fa23c427bd6abf189d957034144bcab432075776f3aad(created@2167632);df7656e3637df454ac2fa23c427bd6abf189d957034144bcab432075776f3aad(created@2167632);44a9f806ad4e58bfc4edf3658f588b685ee1f07cb68b0c055f29af884de1e5b7(created@2183868);44a9f806ad4e58bfc4edf3658f588b685ee1f07cb68b0c055f29af884de1e5b7(spent@2183868);3ba658aed0b6a6c418e34502dad16e8be5d23278bdc90865e9ed169a48f1b48f(created@2183887);3ba658aed0b6a6c418e34502dad16e8be5d23278bdc90865e9ed169a48f1b48f(spent@2183887);f7af3fa470806aa1a26081f14ee00413049fbb352d1aabee01c21e7ed5f1baf7(created@2183912)"
"mn_addr_preprod1cjdpdd7kcv6sle4jyrzpuxpvvh7jujm68vtv76f468a90ups7kwq9maf9f",61,30,31,2197412,2197725,"6546b3a9483021194fdf4db583a53d2760cc64e360eac9f53ae57ea123a0240a(created@2197412);6546b3a9483021194fdf4db583a53d2760cc64e360eac9f53ae57ea123a0240a(created@2197412);6546b3a9483021194fdf4db583a53d2760cc64e360eac9f53ae57ea123a0240a(spent@2197412);6546b3a9483021194fdf4db583a53d2760cc64e360eac9f53ae57ea123a0240a(spent@2197412);da8044fdc0fbf9b27dd2b4a5d45ed7eeff01ff0f72acbd26b26810a11acf5817(created@2197424);da8044fdc0fbf9b27dd2b4a5d45ed7eeff01ff0f72acbd26b26810a11acf5817(created@2197424);da8044fdc0fbf9b27dd2b4a5d45ed7eeff01ff0f72acbd26b26810a11acf5817(spent@2197424);053f779b24f02a7e8735288d4f8548dcde85fca8e3cc0152d019ae6ec372bf15(created@2197476);053f779b24f02a7e8735288d4f8548dcde85fca8e3cc0152d019ae6ec372bf15(created@2197476);053f779b24f02a7e8735288d4f8548dcde85fca8e3cc0152d019ae6ec372bf15(spent@2197476);053f779b24f02a7e8735288d4f8548dcde85fca8e3cc0152d019ae6ec372bf15(spent@2197476);ed70e36d3da21fbd66a9dde448b58c8c31f7b6e4db9074379527ff67cb791edf(created@2197488);ed70e36d3da21fbd66a9dde448b58c8c31f7b6e4db9074379527ff67cb791edf(created@2197488);ed70e36d3da21fbd66a9dde448b58c8c31f7b6e4db9074379527ff67cb791edf(spent@2197488);ed70e36d3da21fbd66a9dde448b58c8c31f7b6e4db9074379527ff67cb791edf(spent@2197488);ed70e36d3da21fbd66a9dde448b58c8c31f7b6e4db9074379527ff67cb791edf(spent@2197488);ed70e36d3da21fbd66a9dde448b58c8c31f7b6e4db9074379527ff67cb791edf(spent@2197488);57bdcbb0671c56f11ff21f968f302504a7d012a9413a87154c75d33917dcb37c(created@2197502);57bdcbb0671c56f11ff21f968f302504a7d012a9413a87154c75d33917dcb37c(created@2197502);57bdcbb0671c56f11ff21f968f302504a7d012a9413a87154c75d33917dcb37c(spent@2197502);57bdcbb0671c56f11ff21f968f302504a7d012a9413a87154c75d33917dcb37c(spent@2197502);4b47b75d9f510f015d99e485fff58213fd3996a170bf36cc1ac6f9b9255dd5b4(created@2197514);4b47b75d9f510f015d99e485fff58213fd3996a170bf36cc1ac6f9b9255dd5b4(created@2197514);e9d30489e9cdfa00e26b75afc76f10bd1defc918be05209b5307244bde1b5efb(created@2197529);e9d30489e9cdfa00e26b75afc76f10bd1defc918be05209b5307244bde1b5efb(created@2197529)"
"mn_addr_preprod1qdhrsflyyp0rn3c5flh3z8tesn46nwa22f6ctpvk0m7rr4nyjwhqzgkm69",54,22,32,2169077,2197589,"e0e78e5ba9b6cbb6c87277affb1e3bb01b6ada6bbc76a18163c9dfa1ace6d09f(created@2169077);e0e78e5ba9b6cbb6c87277affb1e3bb01b6ada6bbc76a18163c9dfa1ace6d09f(created@2169077);e0e78e5ba9b6cbb6c87277affb1e3bb01b6ada6bbc76a18163c9dfa1ace6d09f(spent@2169077);e0e78e5ba9b6cbb6c87277affb1e3bb01b6ada6bbc76a18163c9dfa1ace6d09f(spent@2169077);e0e78e5ba9b6cbb6c87277affb1e3bb01b6ada6bbc76a18163c9dfa1ace6d09f(spent@2169077);e0e78e5ba9b6cbb6c87277affb1e3bb01b6ada6bbc76a18163c9dfa1ace6d09f(spent@2169077);e0e78e5ba9b6cbb6c87277affb1e3bb01b6ada6bbc76a18163c9dfa1ace6d09f(spent@2169077);e0e78e5ba9b6cbb6c87277affb1e3bb01b6ada6bbc76a18163c9dfa1ace6d09f(spent@2169077);2c51c05a219e9c55083978fdf9784d3024b4c75789ccbded3df685aa77ef334f(created@2169088);2c51c05a219e9c55083978fdf9784d3024b4c75789ccbded3df685aa77ef334f(created@2169088);2c51c05a219e9c55083978fdf9784d3024b4c75789ccbded3df685aa77ef334f(spent@2169088);2c51c05a219e9c55083978fdf9784d3024b4c75789ccbded3df685aa77ef334f(spent@2169088);2c51c05a219e9c55083978fdf9784d3024b4c75789ccbded3df685aa77ef334f(spent@2169088);ebc494e9463ed13403d5585f3da38760166163d2d11c1b2dbb3c52bbfb8c6f8f(created@2169107);ebc494e9463ed13403d5585f3da38760166163d2d11c1b2dbb3c52bbfb8c6f8f(created@2169107);ebc494e9463ed13403d5585f3da38760166163d2d11c1b2dbb3c52bbfb8c6f8f(spent@2169107);ebc494e9463ed13403d5585f3da38760166163d2d11c1b2dbb3c52bbfb8c6f8f(spent@2169107);ebc494e9463ed13403d5585f3da38760166163d2d11c1b2dbb3c52bbfb8c6f8f(spent@2169107);ebc494e9463ed13403d5585f3da38760166163d2d11c1b2dbb3c52bbfb8c6f8f(spent@2169107);ebc494e9463ed13403d5585f3da38760166163d2d11c1b2dbb3c52bbfb8c6f8f(spent@2169107);71bc3026150aebcf8cb703f9043e6e4825d56766943c8a6bbdffe6edf7578a02(created@2169122);71bc3026150aebcf8cb703f9043e6e4825d56766943c8a6bbdffe6edf7578a02(created@2169122);71bc3026150aebcf8cb703f9043e6e4825d56766943c8a6bbdffe6edf7578a02(spent@2169122);71bc3026150aebcf8cb703f9043e6e4825d56766943c8a6bbdffe6edf7578a02(spent@2169122);71bc3026150aebcf8cb703f9043e6e4825d56766943c8a6bbdffe6edf7578a02(spent@2169122)"
"mn_addr_preprod1wz74449tg3eyalsk7q9e2w8zeygvt2w2p3dpvx34a4j4cj7j9unqcktn7p",53,28,25,2167301,2198158,"aa7f2c4bff840bd0cbb1fb20167d028a3e244e57fd7bcd64aaf8a095c68cd316(created@2167301);aa7f2c4bff840bd0cbb1fb20167d028a3e244e57fd7bcd64aaf8a095c68cd316(created@2167301);aa7f2c4bff840bd0cbb1fb20167d028a3e244e57fd7bcd64aaf8a095c68cd316(spent@2167301);aa7f2c4bff840bd0cbb1fb20167d028a3e244e57fd7bcd64aaf8a095c68cd316(spent@2167301);a88d8416ec79af9516c7127b2f2338016a219258030cf056f428a74dde7232c0(created@2167327);a88d8416ec79af9516c7127b2f2338016a219258030cf056f428a74dde7232c0(created@2167327);a88d8416ec79af9516c7127b2f2338016a219258030cf056f428a74dde7232c0(spent@2167327);fac52d43be0f4edde910cea0ce1fdddcb6bf1a615999a19a0049ebedb9816ac6(created@2167353);fac52d43be0f4edde910cea0ce1fdddcb6bf1a615999a19a0049ebedb9816ac6(created@2167353);fac52d43be0f4edde910cea0ce1fdddcb6bf1a615999a19a0049ebedb9816ac6(spent@2167353);fac52d43be0f4edde910cea0ce1fdddcb6bf1a615999a19a0049ebedb9816ac6(spent@2167353);b3987a33aaae7d907412a8dd370697f46dffd0211e711d2e0f6f35ab3534da26(created@2167380);b3987a33aaae7d907412a8dd370697f46dffd0211e711d2e0f6f35ab3534da26(created@2167380);b3987a33aaae7d907412a8dd370697f46dffd0211e711d2e0f6f35ab3534da26(spent@2167380);b3987a33aaae7d907412a8dd370697f46dffd0211e711d2e0f6f35ab3534da26(spent@2167380);b3987a33aaae7d907412a8dd370697f46dffd0211e711d2e0f6f35ab3534da26(spent@2167380);b3987a33aaae7d907412a8dd370697f46dffd0211e711d2e0f6f35ab3534da26(spent@2167380);98c59e8be6793008a615b98c97d2533fd6aa40dbd1e556c9905fb65ffcc2ed11(created@2167408);98c59e8be6793008a615b98c97d2533fd6aa40dbd1e556c9905fb65ffcc2ed11(created@2167408);6b69f7e10dcd3960b2d3c871ed6b8e09e8f41cc573eb84e17d436298a703ba80(created@2167459);6b69f7e10dcd3960b2d3c871ed6b8e09e8f41cc573eb84e17d436298a703ba80(created@2167459);6b69f7e10dcd3960b2d3c871ed6b8e09e8f41cc573eb84e17d436298a703ba80(spent@2167459);6b69f7e10dcd3960b2d3c871ed6b8e09e8f41cc573eb84e17d436298a703ba80(spent@2167459);6b69f7e10dcd3960b2d3c871ed6b8e09e8f41cc573eb84e17d436298a703ba80(spent@2167459);d723a4f6ce91ced7ccc1df47cc3160807a1595f147b652678887c3e11905a9dc(created@2183525)"
"mn_addr_preprod1hxyxhjdykujzltkmwgrm97jgx2ech4t8j5ugt68ck8xhgzvphzxqry5hg2",51,28,23,2166981,2196205,"1523e2aaae7c18ced70b2e6e51434aa7c3fca099227cfc31fbe9916fe460e8ac(created@2166981);1523e2aaae7c18ced70b2e6e51434aa7c3fca099227cfc31fbe9916fe460e8ac(created@2166981);1523e2aaae7c18ced70b2e6e51434aa7c3fca099227cfc31fbe9916fe460e8ac(spent@2166981);1523e2aaae7c18ced70b2e6e51434aa7c3fca099227cfc31fbe9916fe460e8ac(spent@2166981);06b93d470b1e4032d874a83064303071b9bb7cd4bc26e3dd2aeb637065db6b6b(created@2166997);06b93d470b1e4032d874a83064303071b9bb7cd4bc26e3dd2aeb637065db6b6b(created@2166997);06b93d470b1e4032d874a83064303071b9bb7cd4bc26e3dd2aeb637065db6b6b(spent@2166997);06b93d470b1e4032d874a83064303071b9bb7cd4bc26e3dd2aeb637065db6b6b(spent@2166997);06b93d470b1e4032d874a83064303071b9bb7cd4bc26e3dd2aeb637065db6b6b(spent@2166997);0e38a299065f14d1e978ca4b2d13493673f6f31893102b7a2d80bc3945489d56(created@2167022);0e38a299065f14d1e978ca4b2d13493673f6f31893102b7a2d80bc3945489d56(created@2167022);c557e4681b0fbe1db72b6babf3e86e47bb9cae82e7efc9e477ffa888d4dd0b5f(created@2167046);c557e4681b0fbe1db72b6babf3e86e47bb9cae82e7efc9e477ffa888d4dd0b5f(created@2167046);c557e4681b0fbe1db72b6babf3e86e47bb9cae82e7efc9e477ffa888d4dd0b5f(spent@2167046);521070b6ed6bd3d087fd3913377aa6e063a1d1a8ae43445456eacd7d677d8785(created@2167061);521070b6ed6bd3d087fd3913377aa6e063a1d1a8ae43445456eacd7d677d8785(created@2167061);7caf5cd2c8e573de460cda385d37cb498857c1856822f464cf11c0386c62afb9(created@2167149);7caf5cd2c8e573de460cda385d37cb498857c1856822f464cf11c0386c62afb9(created@2167149);7caf5cd2c8e573de460cda385d37cb498857c1856822f464cf11c0386c62afb9(spent@2167149);7caf5cd2c8e573de460cda385d37cb498857c1856822f464cf11c0386c62afb9(spent@2167149);7caf5cd2c8e573de460cda385d37cb498857c1856822f464cf11c0386c62afb9(spent@2167149);7caf5cd2c8e573de460cda385d37cb498857c1856822f464cf11c0386c62afb9(spent@2167149);0cf39fda296b479ac077f813793b1f9b90f2d947cc42dc72898d916f49b7e9d3(created@2169053);0cf39fda296b479ac077f813793b1f9b90f2d947cc42dc72898d916f49b7e9d3(created@2169053);0cf39fda296b479ac077f813793b1f9b90f2d947cc42dc72898d916f49b7e9d3(spent@2169053)"
"mn_addr_preprod12v8ay3vewp644s7zyef0n8ujr6tfatpng9q89zh3uzkhyncplpmqsk7khl",51,26,25,2169169,2198339,"1aa4c89a236bbe6b046e95f44dcc236f6c5ac47fc2187fcc8677b4dc7fb29167(created@2169169);1aa4c89a236bbe6b046e95f44dcc236f6c5ac47fc2187fcc8677b4dc7fb29167(created@2169169);1aa4c89a236bbe6b046e95f44dcc236f6c5ac47fc2187fcc8677b4dc7fb29167(spent@2169169);db22e841fa129c081dcf8c73c1d466d32e6e1c901ebe792402ebdca0c4fae727(created@2169206);db22e841fa129c081dcf8c73c1d466d32e6e1c901ebe792402ebdca0c4fae727(created@2169206);db22e841fa129c081dcf8c73c1d466d32e6e1c901ebe792402ebdca0c4fae727(spent@2169206);db22e841fa129c081dcf8c73c1d466d32e6e1c901ebe792402ebdca0c4fae727(spent@2169206);db22e841fa129c081dcf8c73c1d466d32e6e1c901ebe792402ebdca0c4fae727(spent@2169206);db22e841fa129c081dcf8c73c1d466d32e6e1c901ebe792402ebdca0c4fae727(spent@2169206);db22e841fa129c081dcf8c73c1d466d32e6e1c901ebe792402ebdca0c4fae727(spent@2169206);db22e841fa129c081dcf8c73c1d466d32e6e1c901ebe792402ebdca0c4fae727(spent@2169206);f82e088e23d81db68e57b18e61075dba34fca06a1a110939dd874beb9b169086(created@2169245);f82e088e23d81db68e57b18e61075dba34fca06a1a110939dd874beb9b169086(created@2169245);f82e088e23d81db68e57b18e61075dba34fca06a1a110939dd874beb9b169086(spent@2169245);182a3a8399f547e1a84ffb5c944a70ff83b23fb15a52a4c302785a3878d39a87(created@2183651);182a3a8399f547e1a84ffb5c944a70ff83b23fb15a52a4c302785a3878d39a87(created@2183651);182a3a8399f547e1a84ffb5c944a70ff83b23fb15a52a4c302785a3878d39a87(spent@2183651);182a3a8399f547e1a84ffb5c944a70ff83b23fb15a52a4c302785a3878d39a87(spent@2183651);e826076ea8d493f31e9df5337dfee9bcc6d62ffa2e9b92a2556fde5d8e261b23(created@2183673);e826076ea8d493f31e9df5337dfee9bcc6d62ffa2e9b92a2556fde5d8e261b23(created@2183673);e826076ea8d493f31e9df5337dfee9bcc6d62ffa2e9b92a2556fde5d8e261b23(spent@2183673);9b4f1489c03321d74c65c8890d2c2de70c7de5f130fc77c1337315ed9b642690(created@2183682);9b4f1489c03321d74c65c8890d2c2de70c7de5f130fc77c1337315ed9b642690(created@2183682);9b4f1489c03321d74c65c8890d2c2de70c7de5f130fc77c1337315ed9b642690(spent@2183682);9b4f1489c03321d74c65c8890d2c2de70c7de5f130fc77c1337315ed9b642690(spent@2183682)"
"mn_addr_preprod1kp90z2n8dkxanarvt29hunhr0y8eytnmzerq7kx6wtuhtvyylz0qcy0q4p",50,33,17,2162311,2187097,"dc6c77eb8f914bad62d08e06e6baf0985f7182973fc1de73375dbf48aebf5fa8(created@2162311);dc6c77eb8f914bad62d08e06e6baf0985f7182973fc1de73375dbf48aebf5fa8(created@2162311);dc6c77eb8f914bad62d08e06e6baf0985f7182973fc1de73375dbf48aebf5fa8(spent@2162311);7ca9d3bcfc4b653066e5b0efd67240671538aa261f4ebcd8e14b2f9325b1cd24(created@2162334);7ca9d3bcfc4b653066e5b0efd67240671538aa261f4ebcd8e14b2f9325b1cd24(created@2162334);7ca9d3bcfc4b653066e5b0efd67240671538aa261f4ebcd8e14b2f9325b1cd24(spent@2162334);cdbd366ef81bc830a1d8311fe1a68473288ed05014dc9e1747fe4d619726471f(created@2162357);cdbd366ef81bc830a1d8311fe1a68473288ed05014dc9e1747fe4d619726471f(created@2162357);cdbd366ef81bc830a1d8311fe1a68473288ed05014dc9e1747fe4d619726471f(spent@2162357);4e6a80736360f823918ddcda75ebb32e0ce69da796a68bf41e30423f9ecd52c3(created@2162394);4e6a80736360f823918ddcda75ebb32e0ce69da796a68bf41e30423f9ecd52c3(created@2162394);4e6a80736360f823918ddcda75ebb32e0ce69da796a68bf41e30423f9ecd52c3(spent@2162394);6d77ec2c92af308d541e22082089732692604666652ebc052bf8bba08d9c0ed5(created@2162421);6d77ec2c92af308d541e22082089732692604666652ebc052bf8bba08d9c0ed5(created@2162421);6d77ec2c92af308d541e22082089732692604666652ebc052bf8bba08d9c0ed5(spent@2162421);18bb35c1cb6aec7242c1455a7042ed0a33805bb434d85fb48c53dde7e83c26e1(created@2162426);18bb35c1cb6aec7242c1455a7042ed0a33805bb434d85fb48c53dde7e83c26e1(created@2162426);18bb35c1cb6aec7242c1455a7042ed0a33805bb434d85fb48c53dde7e83c26e1(spent@2162426);af6da461c884afb7162fc928ecbd7cbf1ebd115633bb597d2444ec85ddc6537e(created@2162433);af6da461c884afb7162fc928ecbd7cbf1ebd115633bb597d2444ec85ddc6537e(created@2162433);af6da461c884afb7162fc928ecbd7cbf1ebd115633bb597d2444ec85ddc6537e(spent@2162433);a53168e99048ad01eccf13ec5ac8eaaa758059cb5c20d202fa6505256c9c0921(created@2162437);a53168e99048ad01eccf13ec5ac8eaaa758059cb5c20d202fa6505256c9c0921(created@2162437);a53168e99048ad01eccf13ec5ac8eaaa758059cb5c20d202fa6505256c9c0921(spent@2162437);096dcf5df6fb15e39709a71c0edfda20e4e4ce0899967c8221b22143f3bad0dd(created@2162441)"
"mn_addr_preprod1dwv2rta0a2skyhrvukaw2q9r2sq6yc4jhj63rf7afxpkrrv6g35q49ekgd",50,3,47,2164623,2191987,"3a0ca472c41b273891013a44fc2b05a206286ece8dd61d989273bb565c6d693d(created@2164623);2ff02961d858b0fce97e91740408d0dd520c6d969f444e1fab401644a49ca166(created@2185099);2ff02961d858b0fce97e91740408d0dd520c6d969f444e1fab401644a49ca166(spent@2185099);4ac3078915e5c9b8edc95e20904981d03905e6ce9701a9bff90f88d34928604f(created@2191987);4ac3078915e5c9b8edc95e20904981d03905e6ce9701a9bff90f88d34928604f(spent@2191987);4ac3078915e5c9b8edc95e20904981d03905e6ce9701a9bff90f88d34928604f(spent@2191987);4ac3078915e5c9b8edc95e20904981d03905e6ce9701a9bff90f88d34928604f(spent@2191987);4ac3078915e5c9b8edc95e20904981d03905e6ce9701a9bff90f88d34928604f(spent@2191987);4ac3078915e5c9b8edc95e20904981d03905e6ce9701a9bff90f88d34928604f(spent@2191987);4ac3078915e5c9b8edc95e20904981d03905e6ce9701a9bff90f88d34928604f(spent@2191987);4ac3078915e5c9b8edc95e20904981d03905e6ce9701a9bff90f88d34928604f(spent@2191987);4ac3078915e5c9b8edc95e20904981d03905e6ce9701a9bff90f88d34928604f(spent@2191987);4ac3078915e5c9b8edc95e20904981d03905e6ce9701a9bff90f88d34928604f(spent@2191987);4ac3078915e5c9b8edc95e20904981d03905e6ce9701a9bff90f88d34928604f(spent@2191987);4ac3078915e5c9b8edc95e20904981d03905e6ce9701a9bff90f88d34928604f(spent@2191987);4ac3078915e5c9b8edc95e20904981d03905e6ce9701a9bff90f88d34928604f(spent@2191987);4ac3078915e5c9b8edc95e20904981d03905e6ce9701a9bff90f88d34928604f(spent@2191987);4ac3078915e5c9b8edc95e20904981d03905e6ce9701a9bff90f88d34928604f(spent@2191987);4ac3078915e5c9b8edc95e20904981d03905e6ce9701a9bff90f88d34928604f(spent@2191987);4ac3078915e5c9b8edc95e20904981d03905e6ce9701a9bff90f88d34928604f(spent@2191987);4ac3078915e5c9b8edc95e20904981d03905e6ce9701a9bff90f88d34928604f(spent@2191987);4ac3078915e5c9b8edc95e20904981d03905e6ce9701a9bff90f88d34928604f(spent@2191987);4ac3078915e5c9b8edc95e20904981d03905e6ce9701a9bff90f88d34928604f(spent@2191987);4ac3078915e5c9b8edc95e20904981d03905e6ce9701a9bff90f88d34928604f(spent@2191987);4ac3078915e5c9b8edc95e20904981d03905e6ce9701a9bff90f88d34928604f(spent@2191987)"
"mn_addr_preprod1gam7el9nu6ldycumkhlv4w7pjefplwddtjtn999826v2fwk56z3sljj0vw",48,28,20,2166447,2195986,"4e2376126daef123e83939c6eddd93edac1817f8a6e07f6bcc0220c4738d4db5(created@2166447);4e2376126daef123e83939c6eddd93edac1817f8a6e07f6bcc0220c4738d4db5(created@2166447);4e2376126daef123e83939c6eddd93edac1817f8a6e07f6bcc0220c4738d4db5(spent@2166447);4e2376126daef123e83939c6eddd93edac1817f8a6e07f6bcc0220c4738d4db5(spent@2166447);4e2376126daef123e83939c6eddd93edac1817f8a6e07f6bcc0220c4738d4db5(spent@2166447);ac99f3f1f5caa925510068da16e6201ec56bb77adc5a8d3ad4250e5c54bf8fb4(created@2166544);ac99f3f1f5caa925510068da16e6201ec56bb77adc5a8d3ad4250e5c54bf8fb4(created@2166544);ac99f3f1f5caa925510068da16e6201ec56bb77adc5a8d3ad4250e5c54bf8fb4(spent@2166544);ac99f3f1f5caa925510068da16e6201ec56bb77adc5a8d3ad4250e5c54bf8fb4(spent@2166544);ac99f3f1f5caa925510068da16e6201ec56bb77adc5a8d3ad4250e5c54bf8fb4(spent@2166544);d9e4fb53dcd7acb6c955e8b710a4cb54ffe89384711f4dfea001ee6637d5d60c(created@2166610);d9e4fb53dcd7acb6c955e8b710a4cb54ffe89384711f4dfea001ee6637d5d60c(created@2166610);d9e4fb53dcd7acb6c955e8b710a4cb54ffe89384711f4dfea001ee6637d5d60c(spent@2166610);d9e4fb53dcd7acb6c955e8b710a4cb54ffe89384711f4dfea001ee6637d5d60c(spent@2166610);d9e4fb53dcd7acb6c955e8b710a4cb54ffe89384711f4dfea001ee6637d5d60c(spent@2166610);08481263e6deebc71054f62fd0caa1010db20c5b50bc515a5f61e160f15b0ce8(created@2166628);08481263e6deebc71054f62fd0caa1010db20c5b50bc515a5f61e160f15b0ce8(created@2166628);08481263e6deebc71054f62fd0caa1010db20c5b50bc515a5f61e160f15b0ce8(spent@2166628);dc4715a8b6e95aac097960ceb3d231f32c00b54b80edf817fffb59f35853b60e(created@2166654);dc4715a8b6e95aac097960ceb3d231f32c00b54b80edf817fffb59f35853b60e(created@2166654);dc4715a8b6e95aac097960ceb3d231f32c00b54b80edf817fffb59f35853b60e(spent@2166654);0bca06170d4f6132d11b7aaf5ef5740a3db1f8622deef8e41b66e1b98d5a7f56(created@2166835);0bca06170d4f6132d11b7aaf5ef5740a3db1f8622deef8e41b66e1b98d5a7f56(created@2166835);0bca06170d4f6132d11b7aaf5ef5740a3db1f8622deef8e41b66e1b98d5a7f56(spent@2166835);0bca06170d4f6132d11b7aaf5ef5740a3db1f8622deef8e41b66e1b98d5a7f56(spent@2166835)"
"mn_addr_preprod1aetavj7chdzpyuqaleuczhhxq2j7z4s6qq57tgfjm03h9grx8jpq3zrdsw",46,23,23,2182446,2196985,"f83d678f55fce92b65732416d6bdb8666baef4a9604ecee1f7041647502c7d18(created@2182446);f83d678f55fce92b65732416d6bdb8666baef4a9604ecee1f7041647502c7d18(created@2182446);f83d678f55fce92b65732416d6bdb8666baef4a9604ecee1f7041647502c7d18(spent@2182446);f83d678f55fce92b65732416d6bdb8666baef4a9604ecee1f7041647502c7d18(spent@2182446);f83d678f55fce92b65732416d6bdb8666baef4a9604ecee1f7041647502c7d18(spent@2182446);f83d678f55fce92b65732416d6bdb8666baef4a9604ecee1f7041647502c7d18(spent@2182446);f83d678f55fce92b65732416d6bdb8666baef4a9604ecee1f7041647502c7d18(spent@2182446);f83d678f55fce92b65732416d6bdb8666baef4a9604ecee1f7041647502c7d18(spent@2182446);0f967f69e4b79d8b8d7e4bb5d27c28fad78908608572664f75c6b494fe90f81f(created@2182456);0f967f69e4b79d8b8d7e4bb5d27c28fad78908608572664f75c6b494fe90f81f(created@2182456);0f967f69e4b79d8b8d7e4bb5d27c28fad78908608572664f75c6b494fe90f81f(spent@2182456);0f967f69e4b79d8b8d7e4bb5d27c28fad78908608572664f75c6b494fe90f81f(spent@2182456);0f967f69e4b79d8b8d7e4bb5d27c28fad78908608572664f75c6b494fe90f81f(spent@2182456);0f967f69e4b79d8b8d7e4bb5d27c28fad78908608572664f75c6b494fe90f81f(spent@2182456);7a90a1abff788388a6be03cab89271f50ddf96abdf0cd182c8cb02c33a827a23(created@2182470);7a90a1abff788388a6be03cab89271f50ddf96abdf0cd182c8cb02c33a827a23(created@2182470);848f2cf93328f1f965432fee46689ec39a80b89c0b3ed8adffc9c541227c9ee5(created@2182482);848f2cf93328f1f965432fee46689ec39a80b89c0b3ed8adffc9c541227c9ee5(created@2182482);e42a9fd7bbf831b48524a4cad430c0c06b233f0cef788dde726326ca40538f7c(created@2182496);e42a9fd7bbf831b48524a4cad430c0c06b233f0cef788dde726326ca40538f7c(created@2182496);e42a9fd7bbf831b48524a4cad430c0c06b233f0cef788dde726326ca40538f7c(spent@2182496);23de25358dc7d2cc6df149144b259084222a41fce2432a51d0e79e37481d9957(created@2196908);23de25358dc7d2cc6df149144b259084222a41fce2432a51d0e79e37481d9957(created@2196908);23de25358dc7d2cc6df149144b259084222a41fce2432a51d0e79e37481d9957(spent@2196908);23de25358dc7d2cc6df149144b259084222a41fce2432a51d0e79e37481d9957(spent@2196908)"
"mn_addr_preprod1etas0cy7u0kwqjkc5ggzf2zdmj5wc7a707r92a99ptjany5cxu9q4jms5x",45,28,17,2154455,2198176,"ebf639b4a8f1ef6ccade84b4d29810bbaf15cd33d081218b092a1d287c829e4e(created@2154455);ebf639b4a8f1ef6ccade84b4d29810bbaf15cd33d081218b092a1d287c829e4e(created@2154455);ebf639b4a8f1ef6ccade84b4d29810bbaf15cd33d081218b092a1d287c829e4e(spent@2154455);4055775da3df7994ed16461afd92d1ab3a5c0c932e53de66abf7c47e089afa93(created@2154469);4055775da3df7994ed16461afd92d1ab3a5c0c932e53de66abf7c47e089afa93(created@2154469);4055775da3df7994ed16461afd92d1ab3a5c0c932e53de66abf7c47e089afa93(spent@2154469);f622db8a041a6881570b8420c7faefc4bdbd2da8c28cf260f92b0530a6aa63e9(created@2167189);f622db8a041a6881570b8420c7faefc4bdbd2da8c28cf260f92b0530a6aa63e9(created@2167189);f622db8a041a6881570b8420c7faefc4bdbd2da8c28cf260f92b0530a6aa63e9(spent@2167189);f622db8a041a6881570b8420c7faefc4bdbd2da8c28cf260f92b0530a6aa63e9(spent@2167189);f6dbc9e522eed71b7a6b13aa9ec1f65b47395d3a8a1b57b6c37e7ff81e8d5ab7(created@2167215);f6dbc9e522eed71b7a6b13aa9ec1f65b47395d3a8a1b57b6c37e7ff81e8d5ab7(created@2167215);f6dbc9e522eed71b7a6b13aa9ec1f65b47395d3a8a1b57b6c37e7ff81e8d5ab7(spent@2167215);f6dbc9e522eed71b7a6b13aa9ec1f65b47395d3a8a1b57b6c37e7ff81e8d5ab7(spent@2167215);f6dbc9e522eed71b7a6b13aa9ec1f65b47395d3a8a1b57b6c37e7ff81e8d5ab7(spent@2167215);7be376c8172d01aaeaf68d9317cd28ee376b5dd05672cabb5e1d058a565766ef(created@2167232);7be376c8172d01aaeaf68d9317cd28ee376b5dd05672cabb5e1d058a565766ef(created@2167232);83b471aa83b847ec0d89f430410b98e00631f5c74fbf3ea55a114aa867ee4273(created@2183686);83b471aa83b847ec0d89f430410b98e00631f5c74fbf3ea55a114aa867ee4273(created@2183686);83b471aa83b847ec0d89f430410b98e00631f5c74fbf3ea55a114aa867ee4273(spent@2183686);83b471aa83b847ec0d89f430410b98e00631f5c74fbf3ea55a114aa867ee4273(spent@2183686);236e85a2e3ab3dc1f6a9f277de72b62fa9052c3ab3178b3014348b29605bf80b(created@2183705);236e85a2e3ab3dc1f6a9f277de72b62fa9052c3ab3178b3014348b29605bf80b(created@2183705);236e85a2e3ab3dc1f6a9f277de72b62fa9052c3ab3178b3014348b29605bf80b(spent@2183705);d28bbe9e66cd092865cdd67967c6e145417a959e0b64957400bc04719a603282(created@2183719)"
"mn_addr_preprod1th8l22gs8fn2dn7f8lnfu2yqvdmslz9709hgxa8h6fl948p2jsqquz5eu3",45,22,23,2166963,2196170,"b2b445889d6d68f48cfde5ab0ef916eb7a3b11d0e9156d2331c351b13074e8dc(created@2166963);b2b445889d6d68f48cfde5ab0ef916eb7a3b11d0e9156d2331c351b13074e8dc(created@2166963);b2b445889d6d68f48cfde5ab0ef916eb7a3b11d0e9156d2331c351b13074e8dc(spent@2166963);b2b445889d6d68f48cfde5ab0ef916eb7a3b11d0e9156d2331c351b13074e8dc(spent@2166963);6175fbf4d3c3e6e48b31dc946076a167a00a1cae870d3d18cfae7fb24a2537f8(created@2166977);6175fbf4d3c3e6e48b31dc946076a167a00a1cae870d3d18cfae7fb24a2537f8(created@2166977);6175fbf4d3c3e6e48b31dc946076a167a00a1cae870d3d18cfae7fb24a2537f8(spent@2166977);6175fbf4d3c3e6e48b31dc946076a167a00a1cae870d3d18cfae7fb24a2537f8(spent@2166977);6175fbf4d3c3e6e48b31dc946076a167a00a1cae870d3d18cfae7fb24a2537f8(spent@2166977);8a500a620c812238345a026d927195b9f4ef923270c05da57cecf410a270fb0c(created@2167009);8a500a620c812238345a026d927195b9f4ef923270c05da57cecf410a270fb0c(created@2167009);8a500a620c812238345a026d927195b9f4ef923270c05da57cecf410a270fb0c(spent@2167009);8a500a620c812238345a026d927195b9f4ef923270c05da57cecf410a270fb0c(spent@2167009);8a500a620c812238345a026d927195b9f4ef923270c05da57cecf410a270fb0c(spent@2167009);9865839dce2550cd470f145da9b4fb453930835c0eba3555ce9d5b84056466d3(created@2167024);9865839dce2550cd470f145da9b4fb453930835c0eba3555ce9d5b84056466d3(created@2167024);9865839dce2550cd470f145da9b4fb453930835c0eba3555ce9d5b84056466d3(spent@2167024);9865839dce2550cd470f145da9b4fb453930835c0eba3555ce9d5b84056466d3(spent@2167024);9865839dce2550cd470f145da9b4fb453930835c0eba3555ce9d5b84056466d3(spent@2167024);9865839dce2550cd470f145da9b4fb453930835c0eba3555ce9d5b84056466d3(spent@2167024);9865839dce2550cd470f145da9b4fb453930835c0eba3555ce9d5b84056466d3(spent@2167024);b12eca4b575a88d5bc509a1bf5fce9e1bcfab9139dd682b7e280b3cccb251512(created@2167048);b12eca4b575a88d5bc509a1bf5fce9e1bcfab9139dd682b7e280b3cccb251512(created@2167048);4766a188b0679b887edfc27c68fd69f31abeb58687e83a30a0b657cf691a2bd1(created@2196086);4766a188b0679b887edfc27c68fd69f31abeb58687e83a30a0b657cf691a2bd1(created@2196086)"
"mn_addr_preprod1w53kuuctmqx37kmrl84f99e0c0gnmzg0mygvxy7h4uqs7sm359tqwnunq5",44,22,22,2167935,2197995,"8554341fccfc9ae55227e0ed320eb4e2667b848a1f283b21eb6cd21042ed1795(created@2167935);8554341fccfc9ae55227e0ed320eb4e2667b848a1f283b21eb6cd21042ed1795(created@2167935);8554341fccfc9ae55227e0ed320eb4e2667b848a1f283b21eb6cd21042ed1795(spent@2167935);8554341fccfc9ae55227e0ed320eb4e2667b848a1f283b21eb6cd21042ed1795(spent@2167935);28a1a6543e17997ef21b26b8197d48750d70dae92a7e179aaaf6dd59da344f68(created@2167955);28a1a6543e17997ef21b26b8197d48750d70dae92a7e179aaaf6dd59da344f68(created@2167955);28a1a6543e17997ef21b26b8197d48750d70dae92a7e179aaaf6dd59da344f68(spent@2167955);28a1a6543e17997ef21b26b8197d48750d70dae92a7e179aaaf6dd59da344f68(spent@2167955);aed3899300ae0b947520f6192a4dcaeec08cba3d4a410a0c388a611161261b49(created@2167967);aed3899300ae0b947520f6192a4dcaeec08cba3d4a410a0c388a611161261b49(created@2167967);0e046a06a2e34c3009e6407be777fc58ff52425838eaca31fcd102102d857149(created@2167979);0e046a06a2e34c3009e6407be777fc58ff52425838eaca31fcd102102d857149(created@2167979);3479ce8e182f2d05a5233e051b0a44e66863e62fea24c2c5c7def71cc75a89cd(created@2184175);3479ce8e182f2d05a5233e051b0a44e66863e62fea24c2c5c7def71cc75a89cd(created@2184175);3479ce8e182f2d05a5233e051b0a44e66863e62fea24c2c5c7def71cc75a89cd(spent@2184175);3479ce8e182f2d05a5233e051b0a44e66863e62fea24c2c5c7def71cc75a89cd(spent@2184175);3479ce8e182f2d05a5233e051b0a44e66863e62fea24c2c5c7def71cc75a89cd(spent@2184175);3479ce8e182f2d05a5233e051b0a44e66863e62fea24c2c5c7def71cc75a89cd(spent@2184175);3479ce8e182f2d05a5233e051b0a44e66863e62fea24c2c5c7def71cc75a89cd(spent@2184175);53d198add243fc46e288a4bea04c30304cdfeb7cf8b46213d6b51643d69b2c1a(created@2184205);53d198add243fc46e288a4bea04c30304cdfeb7cf8b46213d6b51643d69b2c1a(spent@2184205);53d198add243fc46e288a4bea04c30304cdfeb7cf8b46213d6b51643d69b2c1a(spent@2184205);1374176c36e820b646c2296ef66b93bcda0a9c6d4ce7c440f2a689ba70d3c9cd(created@2184220);1374176c36e820b646c2296ef66b93bcda0a9c6d4ce7c440f2a689ba70d3c9cd(spent@2184220);1c73dd302ab5772bb57f8347074d76dff7d6c86bcc95a52e1fff364249c5cf30(created@2184240)"
"mn_addr_preprod1g5zkwvlw9en4rn4p8rf0f7rdj54nh8ls9p92ztxrf9jra7avmh4q2mz05u",44,20,24,2197001,2197129,"2f3618ee72434365162ffa003dd570985e47b0c88f4de80f54cac809018c5854(created@2197001);2f3618ee72434365162ffa003dd570985e47b0c88f4de80f54cac809018c5854(created@2197001);2f3618ee72434365162ffa003dd570985e47b0c88f4de80f54cac809018c5854(spent@2197001);2f3618ee72434365162ffa003dd570985e47b0c88f4de80f54cac809018c5854(spent@2197001);2f3618ee72434365162ffa003dd570985e47b0c88f4de80f54cac809018c5854(spent@2197001);2f3618ee72434365162ffa003dd570985e47b0c88f4de80f54cac809018c5854(spent@2197001);2f3618ee72434365162ffa003dd570985e47b0c88f4de80f54cac809018c5854(spent@2197001);eefa02702ab844473359a8f2516678939145c1439cb81cd0f0041556178fb572(created@2197010);eefa02702ab844473359a8f2516678939145c1439cb81cd0f0041556178fb572(created@2197010);eefa02702ab844473359a8f2516678939145c1439cb81cd0f0041556178fb572(spent@2197010);eefa02702ab844473359a8f2516678939145c1439cb81cd0f0041556178fb572(spent@2197010);eefa02702ab844473359a8f2516678939145c1439cb81cd0f0041556178fb572(spent@2197010);eefa02702ab844473359a8f2516678939145c1439cb81cd0f0041556178fb572(spent@2197010);4b053588b0f1e33e2af4df00bcfef3eba37972751dfcac3d6244a44d5564a30e(created@2197022);4b053588b0f1e33e2af4df00bcfef3eba37972751dfcac3d6244a44d5564a30e(created@2197022);4b053588b0f1e33e2af4df00bcfef3eba37972751dfcac3d6244a44d5564a30e(spent@2197022);4b053588b0f1e33e2af4df00bcfef3eba37972751dfcac3d6244a44d5564a30e(spent@2197022);4b053588b0f1e33e2af4df00bcfef3eba37972751dfcac3d6244a44d5564a30e(spent@2197022);3c2157bf5272394345b82128fc8bbd7569397bf499d76c300626eca142c5e9f6(created@2197031);3c2157bf5272394345b82128fc8bbd7569397bf499d76c300626eca142c5e9f6(created@2197031);3c2157bf5272394345b82128fc8bbd7569397bf499d76c300626eca142c5e9f6(spent@2197031);3c2157bf5272394345b82128fc8bbd7569397bf499d76c300626eca142c5e9f6(spent@2197031);3c2157bf5272394345b82128fc8bbd7569397bf499d76c300626eca142c5e9f6(spent@2197031);3c2157bf5272394345b82128fc8bbd7569397bf499d76c300626eca142c5e9f6(spent@2197031);8ce8c2b6231f9fe0f8f0e02aa759177e804ed174557d943abebc02b035999c76(created@2197045)"
"mn_addr_preprod16ddjnnrjqucn4xta4x4pr6hurma39vd3dnk37rsxc9jvy24zrsjsa9prlk",42,24,18,2167802,2198448,"d8fb9e4545c464a4d3707bb6d037ccb80e2d368bf6b8a5ec41390c571447d1c8(created@2167802);d8fb9e4545c464a4d3707bb6d037ccb80e2d368bf6b8a5ec41390c571447d1c8(created@2167802);d8fb9e4545c464a4d3707bb6d037ccb80e2d368bf6b8a5ec41390c571447d1c8(spent@2167802);d8fb9e4545c464a4d3707bb6d037ccb80e2d368bf6b8a5ec41390c571447d1c8(spent@2167802);e4b1043fffc783ffc2f671957e56af9676ea76dbc1517fdc308334346189c546(created@2167821);e4b1043fffc783ffc2f671957e56af9676ea76dbc1517fdc308334346189c546(created@2167821);e4b1043fffc783ffc2f671957e56af9676ea76dbc1517fdc308334346189c546(spent@2167821);df61fafe3898145d8deaac7e0c408ac981ad43e9b2d7188d05e378259507942a(created@2167834);df61fafe3898145d8deaac7e0c408ac981ad43e9b2d7188d05e378259507942a(created@2167834);df61fafe3898145d8deaac7e0c408ac981ad43e9b2d7188d05e378259507942a(spent@2167834);fb8925457acd7b2e4c315b1317cc2a682db9057235539090cae7735b6c392a47(created@2167861);fb8925457acd7b2e4c315b1317cc2a682db9057235539090cae7735b6c392a47(created@2167861);fb8925457acd7b2e4c315b1317cc2a682db9057235539090cae7735b6c392a47(spent@2167861);fb8925457acd7b2e4c315b1317cc2a682db9057235539090cae7735b6c392a47(spent@2167861);f635ffa87c9d898634b0be4ca5a4dd3ccd310266c4394663fc1ae1c04e8316a6(created@2167873);f635ffa87c9d898634b0be4ca5a4dd3ccd310266c4394663fc1ae1c04e8316a6(created@2167873);0f195ec5da54a011fbdb6557a05127a01005c563af3963396e4b9afe66891976(created@2167894);0f195ec5da54a011fbdb6557a05127a01005c563af3963396e4b9afe66891976(created@2167894);0461497ac59cac09cffedb491ec8d6526d423c581005377070b261a6745e2bf6(created@2167906);0461497ac59cac09cffedb491ec8d6526d423c581005377070b261a6745e2bf6(created@2167906);836bf889da03178779daf830afc34d0403c701807b59e726c48b215db9c478a7(created@2184113);836bf889da03178779daf830afc34d0403c701807b59e726c48b215db9c478a7(created@2184113);836bf889da03178779daf830afc34d0403c701807b59e726c48b215db9c478a7(spent@2184113);836bf889da03178779daf830afc34d0403c701807b59e726c48b215db9c478a7(spent@2184113);836bf889da03178779daf830afc34d0403c701807b59e726c48b215db9c478a7(spent@2184113)"
"mn_addr_preprod1zzn8p246v7cqhvqncppzkl3qvfusq7qtxswys665rpkx2lf74ghqn6sk4q",42,24,18,2168654,2197814,"c74f88607da9deb40f9d4d7a3f0c95349f23f598cb2f147c25bd1b05270fcda1(created@2168654);c74f88607da9deb40f9d4d7a3f0c95349f23f598cb2f147c25bd1b05270fcda1(created@2168654);c74f88607da9deb40f9d4d7a3f0c95349f23f598cb2f147c25bd1b05270fcda1(spent@2168654);c74f88607da9deb40f9d4d7a3f0c95349f23f598cb2f147c25bd1b05270fcda1(spent@2168654);b3b57f7a4d0ca57b33490759a78311a024f73dcc1bbbfde3fefeffb5ef8ea115(created@2168670);b3b57f7a4d0ca57b33490759a78311a024f73dcc1bbbfde3fefeffb5ef8ea115(created@2168670);b3b57f7a4d0ca57b33490759a78311a024f73dcc1bbbfde3fefeffb5ef8ea115(spent@2168670);b3b57f7a4d0ca57b33490759a78311a024f73dcc1bbbfde3fefeffb5ef8ea115(spent@2168670);b3b57f7a4d0ca57b33490759a78311a024f73dcc1bbbfde3fefeffb5ef8ea115(spent@2168670);afb9528106f6b8930042d9842224e0cb7ce6fbe475d9814767f8b99a8fa4fc1b(created@2182714);afb9528106f6b8930042d9842224e0cb7ce6fbe475d9814767f8b99a8fa4fc1b(created@2182714);afb9528106f6b8930042d9842224e0cb7ce6fbe475d9814767f8b99a8fa4fc1b(spent@2182714);f7091ce0dd74da265a1e8ffd2e04278630bb9b55a0731143ab7d0605ba9fe4b5(created@2182750);f7091ce0dd74da265a1e8ffd2e04278630bb9b55a0731143ab7d0605ba9fe4b5(created@2182750);f7091ce0dd74da265a1e8ffd2e04278630bb9b55a0731143ab7d0605ba9fe4b5(spent@2182750);7df8d8cfe82dd2f430d208119053c52ed2edf43bf22b1388d802fe7920da2af6(created@2182767);7df8d8cfe82dd2f430d208119053c52ed2edf43bf22b1388d802fe7920da2af6(created@2182767);7df8d8cfe82dd2f430d208119053c52ed2edf43bf22b1388d802fe7920da2af6(spent@2182767);2acc85a4db3be685a91b2f0749c3ebe3128b1d2a6373c772cc706725b50a9e05(created@2182786);2acc85a4db3be685a91b2f0749c3ebe3128b1d2a6373c772cc706725b50a9e05(created@2182786);2acc85a4db3be685a91b2f0749c3ebe3128b1d2a6373c772cc706725b50a9e05(spent@2182786);30d8b7e6ad4674c105b8e69c0d2a6cf1400f32c8812e7691c979c1305510e4a4(created@2182802);30d8b7e6ad4674c105b8e69c0d2a6cf1400f32c8812e7691c979c1305510e4a4(created@2182802);30d8b7e6ad4674c105b8e69c0d2a6cf1400f32c8812e7691c979c1305510e4a4(spent@2182802);30d8b7e6ad4674c105b8e69c0d2a6cf1400f32c8812e7691c979c1305510e4a4(spent@2182802)"
"mn_addr_preprod1ztc0w6akj457qj892ahz3n8ndc0uvem5whhemr66gh8gndwj2lksapsa5k",40,24,16,2168003,2198073,"bec223fde0e2ba965e514e621f99c92cf5081a7d37d17c90696215efaaaa02f0(created@2168003);bec223fde0e2ba965e514e621f99c92cf5081a7d37d17c90696215efaaaa02f0(created@2168003);bec223fde0e2ba965e514e621f99c92cf5081a7d37d17c90696215efaaaa02f0(spent@2168003);bec223fde0e2ba965e514e621f99c92cf5081a7d37d17c90696215efaaaa02f0(spent@2168003);930339c12a5d1c2e337f157a721f67f02bb1bda26369eaff63bdb92b9dbb5d1d(created@2168031);930339c12a5d1c2e337f157a721f67f02bb1bda26369eaff63bdb92b9dbb5d1d(created@2168031);930339c12a5d1c2e337f157a721f67f02bb1bda26369eaff63bdb92b9dbb5d1d(spent@2168031);705930f8103e2fd78395b59e1298fd027c64da1d67c16f92119fcf1835feb8b1(created@2168044);705930f8103e2fd78395b59e1298fd027c64da1d67c16f92119fcf1835feb8b1(created@2168044);705930f8103e2fd78395b59e1298fd027c64da1d67c16f92119fcf1835feb8b1(spent@2168044);705930f8103e2fd78395b59e1298fd027c64da1d67c16f92119fcf1835feb8b1(spent@2168044);172158ae01ebc41ed737036dcc8901d571b43f3bc4f3074a9408c3643de684a5(created@2168057);172158ae01ebc41ed737036dcc8901d571b43f3bc4f3074a9408c3643de684a5(created@2168057);172158ae01ebc41ed737036dcc8901d571b43f3bc4f3074a9408c3643de684a5(spent@2168057);172158ae01ebc41ed737036dcc8901d571b43f3bc4f3074a9408c3643de684a5(spent@2168057);509d682932e711aec2c998176ed4fd8e8efe5c31a0e45e41a148851b210a9c11(created@2168071);509d682932e711aec2c998176ed4fd8e8efe5c31a0e45e41a148851b210a9c11(created@2168071);231c5426dbd37c4865ed08216e451ee9eae38a8011a72fd234866f8d0348e7ff(created@2168107);231c5426dbd37c4865ed08216e451ee9eae38a8011a72fd234866f8d0348e7ff(created@2168107);c6739812007cb36c27f3d81a5623ac1d99984fe1fc9c3ae392523ae9f391a11f(created@2198017);c6739812007cb36c27f3d81a5623ac1d99984fe1fc9c3ae392523ae9f391a11f(created@2198017);c6739812007cb36c27f3d81a5623ac1d99984fe1fc9c3ae392523ae9f391a11f(spent@2198017);c6739812007cb36c27f3d81a5623ac1d99984fe1fc9c3ae392523ae9f391a11f(spent@2198017);c6739812007cb36c27f3d81a5623ac1d99984fe1fc9c3ae392523ae9f391a11f(spent@2198017);c6739812007cb36c27f3d81a5623ac1d99984fe1fc9c3ae392523ae9f391a11f(spent@2198017)"
"mn_addr_preprod1vp36gfsae5utg2yxq787yv3spqmgnhpa9l48gyq92wp7af22yzes8a2d5z",37,22,15,2154431,2196163,"287aeae6065e2d53de86ec5d86d96b992c0a9e676bd8cbb9e51a3febb6443434(created@2154431);287aeae6065e2d53de86ec5d86d96b992c0a9e676bd8cbb9e51a3febb6443434(created@2154431);287aeae6065e2d53de86ec5d86d96b992c0a9e676bd8cbb9e51a3febb6443434(spent@2154431);287aeae6065e2d53de86ec5d86d96b992c0a9e676bd8cbb9e51a3febb6443434(spent@2154431);3601960d435777955f415020fded47a1c857bf7f6525d7631f7fc6e7ac2ae108(created@2166645);3601960d435777955f415020fded47a1c857bf7f6525d7631f7fc6e7ac2ae108(created@2166645);3601960d435777955f415020fded47a1c857bf7f6525d7631f7fc6e7ac2ae108(spent@2166645);0089d28c0b592cbf1bf58f54c03354113129ba2cc8004d1d42b60ca54d14de4e(created@2166669);0089d28c0b592cbf1bf58f54c03354113129ba2cc8004d1d42b60ca54d14de4e(created@2166669);0089d28c0b592cbf1bf58f54c03354113129ba2cc8004d1d42b60ca54d14de4e(spent@2166669);0089d28c0b592cbf1bf58f54c03354113129ba2cc8004d1d42b60ca54d14de4e(spent@2166669);0089d28c0b592cbf1bf58f54c03354113129ba2cc8004d1d42b60ca54d14de4e(spent@2166669);abe197f5f8cb469a183749c4c622adef7124fbc68d3cb5ec9d11477d84438290(created@2166707);abe197f5f8cb469a183749c4c622adef7124fbc68d3cb5ec9d11477d84438290(created@2166707);abe197f5f8cb469a183749c4c622adef7124fbc68d3cb5ec9d11477d84438290(spent@2166707);abe197f5f8cb469a183749c4c622adef7124fbc68d3cb5ec9d11477d84438290(spent@2166707);abe197f5f8cb469a183749c4c622adef7124fbc68d3cb5ec9d11477d84438290(spent@2166707);c329f8c44bc6bfa5d0ef4cfa83520edf0b6a419c001bc236d3524a46ab2ca846(created@2166717);c329f8c44bc6bfa5d0ef4cfa83520edf0b6a419c001bc236d3524a46ab2ca846(created@2166717);5663fd503d34a9f20f365ec71b3932c627082382300193846d14bb5dde7a7e43(created@2166728);5663fd503d34a9f20f365ec71b3932c627082382300193846d14bb5dde7a7e43(created@2166728);28078fa1d5873fce9a3fdb8460edd0461f976a57cfed9f34530766bbff33f304(created@2184303);28078fa1d5873fce9a3fdb8460edd0461f976a57cfed9f34530766bbff33f304(created@2184303);28078fa1d5873fce9a3fdb8460edd0461f976a57cfed9f34530766bbff33f304(spent@2184303);28078fa1d5873fce9a3fdb8460edd0461f976a57cfed9f34530766bbff33f304(spent@2184303)"
"mn_addr_preprod1x3jllhu8ugrnnp5k6wyrd4gvxcnnwuz2k2xgngr5u3csll2tphts5kzchk",37,16,21,2166863,2198587,"fffd6d103720a0e3abd6bd72913bd29b30f55e6fdf3a8250a0ae6f9a0eab66ce(created@2166863);fffd6d103720a0e3abd6bd72913bd29b30f55e6fdf3a8250a0ae6f9a0eab66ce(created@2166863);fffd6d103720a0e3abd6bd72913bd29b30f55e6fdf3a8250a0ae6f9a0eab66ce(spent@2166863);e64fde5367fbb3d3b16917f775798b47760188ae0fe01182bbfbb0d71010bd87(created@2166879);e64fde5367fbb3d3b16917f775798b47760188ae0fe01182bbfbb0d71010bd87(created@2166879);e64fde5367fbb3d3b16917f775798b47760188ae0fe01182bbfbb0d71010bd87(spent@2166879);e64fde5367fbb3d3b16917f775798b47760188ae0fe01182bbfbb0d71010bd87(spent@2166879);e64fde5367fbb3d3b16917f775798b47760188ae0fe01182bbfbb0d71010bd87(spent@2166879);e64fde5367fbb3d3b16917f775798b47760188ae0fe01182bbfbb0d71010bd87(spent@2166879);57e83b50c207cc19b7224ccd2cee55b0a2ca616788ea3be7b96f4d92b7dfade5(created@2166893);44970ea7a6fc3d678e44770eb5f0e09fd40cb02be8ba5658b5cd0608a389a5ae(created@2166925);44970ea7a6fc3d678e44770eb5f0e09fd40cb02be8ba5658b5cd0608a389a5ae(created@2166925);44970ea7a6fc3d678e44770eb5f0e09fd40cb02be8ba5658b5cd0608a389a5ae(spent@2166925);44970ea7a6fc3d678e44770eb5f0e09fd40cb02be8ba5658b5cd0608a389a5ae(spent@2166925);6d0e17d1a820e0aca7ebcdba3f968acb3dcb71ea8398d1e093af196484ebc765(created@2166936);7ce27b543a95de5ba7ed68f65b6aa2ea0839b753ed5148c9485c16247cb88560(created@2182613);7ce27b543a95de5ba7ed68f65b6aa2ea0839b753ed5148c9485c16247cb88560(created@2182613);7ce27b543a95de5ba7ed68f65b6aa2ea0839b753ed5148c9485c16247cb88560(spent@2182613);8a2b3f1121e78dedd57ac421770f888cc6f8232d34838a64f23a9dd265cf3634(created@2182652);8a2b3f1121e78dedd57ac421770f888cc6f8232d34838a64f23a9dd265cf3634(created@2182652);8a2b3f1121e78dedd57ac421770f888cc6f8232d34838a64f23a9dd265cf3634(spent@2182652);8a2b3f1121e78dedd57ac421770f888cc6f8232d34838a64f23a9dd265cf3634(spent@2182652);8a2b3f1121e78dedd57ac421770f888cc6f8232d34838a64f23a9dd265cf3634(spent@2182652);8a2b3f1121e78dedd57ac421770f888cc6f8232d34838a64f23a9dd265cf3634(spent@2182652);8a2b3f1121e78dedd57ac421770f888cc6f8232d34838a64f23a9dd265cf3634(spent@2182652)"
"mn_addr_preprod146za4lswr2r3dd0lduj8z2agghkqxlyg6lqyjt2ygtre9jy53spqeqd3vv",33,18,15,2166487,2166581,"ab1c74d7b4a0c6b785eb2601062947b8edf53875c3ae389d3f256cb2ef7b20e0(created@2166487);ab1c74d7b4a0c6b785eb2601062947b8edf53875c3ae389d3f256cb2ef7b20e0(created@2166487);ab1c74d7b4a0c6b785eb2601062947b8edf53875c3ae389d3f256cb2ef7b20e0(spent@2166487);ab1c74d7b4a0c6b785eb2601062947b8edf53875c3ae389d3f256cb2ef7b20e0(spent@2166487);bdc473b81e793f19c52e222259858a4833128b5707ab45d01e46bfa97f1773ed(created@2166500);bdc473b81e793f19c52e222259858a4833128b5707ab45d01e46bfa97f1773ed(created@2166500);bdc473b81e793f19c52e222259858a4833128b5707ab45d01e46bfa97f1773ed(spent@2166500);bdc473b81e793f19c52e222259858a4833128b5707ab45d01e46bfa97f1773ed(spent@2166500);bdc473b81e793f19c52e222259858a4833128b5707ab45d01e46bfa97f1773ed(spent@2166500);50ca5a4fdf9e3ff178ee9187517aa9ddf554d396f1e0ae69f5f0f386f6dc6b2a(created@2166513);50ca5a4fdf9e3ff178ee9187517aa9ddf554d396f1e0ae69f5f0f386f6dc6b2a(created@2166513);50ca5a4fdf9e3ff178ee9187517aa9ddf554d396f1e0ae69f5f0f386f6dc6b2a(spent@2166513);50ca5a4fdf9e3ff178ee9187517aa9ddf554d396f1e0ae69f5f0f386f6dc6b2a(spent@2166513);50ca5a4fdf9e3ff178ee9187517aa9ddf554d396f1e0ae69f5f0f386f6dc6b2a(spent@2166513);77ebf62b1be14c25720fd08ae46b358bae1a42084a0519a39309a732d509eecf(created@2166524);77ebf62b1be14c25720fd08ae46b358bae1a42084a0519a39309a732d509eecf(created@2166524);77ebf62b1be14c25720fd08ae46b358bae1a42084a0519a39309a732d509eecf(spent@2166524);0c9031833ddcbdaacb1a1ebc2c5c9c3c08776c7f392ce1b645920ee88526e4eb(created@2166534);0c9031833ddcbdaacb1a1ebc2c5c9c3c08776c7f392ce1b645920ee88526e4eb(created@2166534);0c9031833ddcbdaacb1a1ebc2c5c9c3c08776c7f392ce1b645920ee88526e4eb(spent@2166534);0c9031833ddcbdaacb1a1ebc2c5c9c3c08776c7f392ce1b645920ee88526e4eb(spent@2166534);0c9031833ddcbdaacb1a1ebc2c5c9c3c08776c7f392ce1b645920ee88526e4eb(spent@2166534);ac07fb341a79e4fcab10934cbba4c994fef2e63f6f8c73ba67df45548b34791e(created@2166555);ac07fb341a79e4fcab10934cbba4c994fef2e63f6f8c73ba67df45548b34791e(created@2166555);ac07fb341a79e4fcab10934cbba4c994fef2e63f6f8c73ba67df45548b34791e(spent@2166555)"
"mn_addr_preprod1mtk3trmq7kxjp892dhrkxkdpdujnpvtfylqfsjxz7sxtvm5pzatq3srhnu",33,18,15,2182346,2196804,"bbf1a819cb42931a790edf1c9ee7320eff50b461b72d33611866d9ad31a263a7(created@2182346);bbf1a819cb42931a790edf1c9ee7320eff50b461b72d33611866d9ad31a263a7(created@2182346);bbf1a819cb42931a790edf1c9ee7320eff50b461b72d33611866d9ad31a263a7(spent@2182346);bbf1a819cb42931a790edf1c9ee7320eff50b461b72d33611866d9ad31a263a7(spent@2182346);bbf1a819cb42931a790edf1c9ee7320eff50b461b72d33611866d9ad31a263a7(spent@2182346);bbf1a819cb42931a790edf1c9ee7320eff50b461b72d33611866d9ad31a263a7(spent@2182346);a9cb7b790281ab153879e4d719b9a9ceac9fff88b5afdf180c57a30b8984e650(created@2182358);a9cb7b790281ab153879e4d719b9a9ceac9fff88b5afdf180c57a30b8984e650(created@2182358);c8a493a320099653ef10d435acebee1381fc8bece009f6e680c4eaec53c91dbc(created@2182371);c8a493a320099653ef10d435acebee1381fc8bece009f6e680c4eaec53c91dbc(created@2182371);c78f24240bca71501edc26093252c6b865a814932a334b5d218ec9f353136d16(created@2182384);c78f24240bca71501edc26093252c6b865a814932a334b5d218ec9f353136d16(created@2182384);c78f24240bca71501edc26093252c6b865a814932a334b5d218ec9f353136d16(spent@2182384);19dd9697196b50ee3bdc602615ce86f066bd2724fb544614a13476ae40fa1184(created@2196763);19dd9697196b50ee3bdc602615ce86f066bd2724fb544614a13476ae40fa1184(created@2196763);19dd9697196b50ee3bdc602615ce86f066bd2724fb544614a13476ae40fa1184(spent@2196763);19dd9697196b50ee3bdc602615ce86f066bd2724fb544614a13476ae40fa1184(spent@2196763);19dd9697196b50ee3bdc602615ce86f066bd2724fb544614a13476ae40fa1184(spent@2196763);19dd9697196b50ee3bdc602615ce86f066bd2724fb544614a13476ae40fa1184(spent@2196763);18b105556a7da0f273eb1ec50879c5bc31f5333af3479805c5380aa6fc79abab(created@2196772);18b105556a7da0f273eb1ec50879c5bc31f5333af3479805c5380aa6fc79abab(created@2196772);18b105556a7da0f273eb1ec50879c5bc31f5333af3479805c5380aa6fc79abab(spent@2196772);18b105556a7da0f273eb1ec50879c5bc31f5333af3479805c5380aa6fc79abab(spent@2196772);18b105556a7da0f273eb1ec50879c5bc31f5333af3479805c5380aa6fc79abab(spent@2196772);18b105556a7da0f273eb1ec50879c5bc31f5333af3479805c5380aa6fc79abab(spent@2196772)"
"mn_addr_preprod1zulz373lglqr5dhlllmnjl2lq3yj7pyhvnaymaumljrmle2clncs42mksk",32,18,14,2169215,2184153,"e44e3281a21de1de95748fa6b1140fa88542e8cd2661ce417d62c0bdb813938c(created@2169215);e44e3281a21de1de95748fa6b1140fa88542e8cd2661ce417d62c0bdb813938c(created@2169215);e44e3281a21de1de95748fa6b1140fa88542e8cd2661ce417d62c0bdb813938c(spent@2169215);e44e3281a21de1de95748fa6b1140fa88542e8cd2661ce417d62c0bdb813938c(spent@2169215);38569935c83c9bc0148439803c7b51cbf1a19d1cd63de9d556bf017447fe3618(created@2169236);38569935c83c9bc0148439803c7b51cbf1a19d1cd63de9d556bf017447fe3618(created@2169236);38569935c83c9bc0148439803c7b51cbf1a19d1cd63de9d556bf017447fe3618(spent@2169236);38569935c83c9bc0148439803c7b51cbf1a19d1cd63de9d556bf017447fe3618(spent@2169236);023c386d3388b0c486e1d9bb4508a12a8451b31b1aa006f433fcb3e6171cca17(created@2184057);023c386d3388b0c486e1d9bb4508a12a8451b31b1aa006f433fcb3e6171cca17(created@2184057);023c386d3388b0c486e1d9bb4508a12a8451b31b1aa006f433fcb3e6171cca17(spent@2184057);023c386d3388b0c486e1d9bb4508a12a8451b31b1aa006f433fcb3e6171cca17(spent@2184057);61b2cf168f63cce4b78c5b64c7ac138d97c6c01ccc91f3dd8cdc079479108225(created@2184069);61b2cf168f63cce4b78c5b64c7ac138d97c6c01ccc91f3dd8cdc079479108225(created@2184069);61b2cf168f63cce4b78c5b64c7ac138d97c6c01ccc91f3dd8cdc079479108225(spent@2184069);61b2cf168f63cce4b78c5b64c7ac138d97c6c01ccc91f3dd8cdc079479108225(spent@2184069);61b2cf168f63cce4b78c5b64c7ac138d97c6c01ccc91f3dd8cdc079479108225(spent@2184069);13d594b7d5553e3a1bedc2293983c3758c5d795f4618eedf94a5a2873e81d58d(created@2184084);13d594b7d5553e3a1bedc2293983c3758c5d795f4618eedf94a5a2873e81d58d(created@2184084);13d594b7d5553e3a1bedc2293983c3758c5d795f4618eedf94a5a2873e81d58d(spent@2184084);13d594b7d5553e3a1bedc2293983c3758c5d795f4618eedf94a5a2873e81d58d(spent@2184084);13d594b7d5553e3a1bedc2293983c3758c5d795f4618eedf94a5a2873e81d58d(spent@2184084);26a4106ee3760a47274abe1ad73fcdeb724cdc4fad843d875bd5c3077fc8cfb5(created@2184100);26a4106ee3760a47274abe1ad73fcdeb724cdc4fad843d875bd5c3077fc8cfb5(created@2184100);26a4106ee3760a47274abe1ad73fcdeb724cdc4fad843d875bd5c3077fc8cfb5(spent@2184100)"
"mn_addr_preprod1y240ryg4pgzdy4g4es4amtzgrauqhle2jxmta9ftwp6f90tndg7qxw4xru",31,19,12,2166427,2182736,"c7caeb9dd92e909b573b694ecb38b7d11c72e816d78140be907f55059f87234c(created@2166427);318de865c34d737fc4ed08db7b3ed7b593babac71123876c2ec81eeec30039b8(created@2166958);318de865c34d737fc4ed08db7b3ed7b593babac71123876c2ec81eeec30039b8(created@2166958);318de865c34d737fc4ed08db7b3ed7b593babac71123876c2ec81eeec30039b8(spent@2166958);482d608b6cfd747b753c3879d31098da4beb91f585f4f0cd4fdd4c147d473a36(created@2166986);482d608b6cfd747b753c3879d31098da4beb91f585f4f0cd4fdd4c147d473a36(created@2166986);482d608b6cfd747b753c3879d31098da4beb91f585f4f0cd4fdd4c147d473a36(spent@2166986);482d608b6cfd747b753c3879d31098da4beb91f585f4f0cd4fdd4c147d473a36(spent@2166986);482d608b6cfd747b753c3879d31098da4beb91f585f4f0cd4fdd4c147d473a36(spent@2166986);b84468d5bd3f10cac852898ff58aa28504ac65196ec0c25d7919e4bb130864a0(created@2167005);b84468d5bd3f10cac852898ff58aa28504ac65196ec0c25d7919e4bb130864a0(created@2167005);550055dd2059d4ecbec5e3dd515e3a416acc978f1d4a4aab86742b568a530916(created@2182591);550055dd2059d4ecbec5e3dd515e3a416acc978f1d4a4aab86742b568a530916(created@2182591);550055dd2059d4ecbec5e3dd515e3a416acc978f1d4a4aab86742b568a530916(spent@2182591);550055dd2059d4ecbec5e3dd515e3a416acc978f1d4a4aab86742b568a530916(spent@2182591);3f36f9f6126c8de163bcd0a31e0203483353ed1caf16127e6169bcdf3b497bb8(created@2182616);3f36f9f6126c8de163bcd0a31e0203483353ed1caf16127e6169bcdf3b497bb8(created@2182616);3f36f9f6126c8de163bcd0a31e0203483353ed1caf16127e6169bcdf3b497bb8(spent@2182616);3f36f9f6126c8de163bcd0a31e0203483353ed1caf16127e6169bcdf3b497bb8(spent@2182616);3f36f9f6126c8de163bcd0a31e0203483353ed1caf16127e6169bcdf3b497bb8(spent@2182616);3f36f9f6126c8de163bcd0a31e0203483353ed1caf16127e6169bcdf3b497bb8(spent@2182616);3f36f9f6126c8de163bcd0a31e0203483353ed1caf16127e6169bcdf3b497bb8(spent@2182616);3f36f9f6126c8de163bcd0a31e0203483353ed1caf16127e6169bcdf3b497bb8(spent@2182616);ff78fbb10c8b36cffc4d3ff403e585ba28306ae04b6e0589e9a9e2b0c9ead88c(created@2182635);ff78fbb10c8b36cffc4d3ff403e585ba28306ae04b6e0589e9a9e2b0c9ead88c(created@2182635)"
"mn_addr_preprod1qy4g6f2fqps9afjkjmun540kpwpm0tg3n08cpwcsez06gten8ugsq9tjfp",31,18,13,2183100,2183194,"9865be5dc772a09433f55ca99692fc230d2080f15903600bddad6bb0c180306d(created@2183100);9865be5dc772a09433f55ca99692fc230d2080f15903600bddad6bb0c180306d(created@2183100);9865be5dc772a09433f55ca99692fc230d2080f15903600bddad6bb0c180306d(spent@2183100);03d0d0c4cdf0097ecb6a19fd328b89378e83f78715fb65d318d1b9a74f5b3e1c(created@2183112);03d0d0c4cdf0097ecb6a19fd328b89378e83f78715fb65d318d1b9a74f5b3e1c(created@2183112);03d0d0c4cdf0097ecb6a19fd328b89378e83f78715fb65d318d1b9a74f5b3e1c(spent@2183112);03d0d0c4cdf0097ecb6a19fd328b89378e83f78715fb65d318d1b9a74f5b3e1c(spent@2183112);5cb15c0ff73a321023b4d5da413dbfb75f9a7dd8cd02dd93677ac9b9a1e3e72e(created@2183123);5cb15c0ff73a321023b4d5da413dbfb75f9a7dd8cd02dd93677ac9b9a1e3e72e(created@2183123);5cb15c0ff73a321023b4d5da413dbfb75f9a7dd8cd02dd93677ac9b9a1e3e72e(spent@2183123);54ccf77ff91d110171446535c2986d24ecbee1a76dd082b11b6452f96125d1dc(created@2183133);54ccf77ff91d110171446535c2986d24ecbee1a76dd082b11b6452f96125d1dc(created@2183133);54ccf77ff91d110171446535c2986d24ecbee1a76dd082b11b6452f96125d1dc(spent@2183133);7176e2ede24680d1e87f086c4d5f223ab62eb276a84b526f617a783fda4f9f0e(created@2183143);7176e2ede24680d1e87f086c4d5f223ab62eb276a84b526f617a783fda4f9f0e(created@2183143);7176e2ede24680d1e87f086c4d5f223ab62eb276a84b526f617a783fda4f9f0e(spent@2183143);7176e2ede24680d1e87f086c4d5f223ab62eb276a84b526f617a783fda4f9f0e(spent@2183143);7176e2ede24680d1e87f086c4d5f223ab62eb276a84b526f617a783fda4f9f0e(spent@2183143);7176e2ede24680d1e87f086c4d5f223ab62eb276a84b526f617a783fda4f9f0e(spent@2183143);5822d20d15638c954d2b971931f08f2bf72ea08516437fdb51342df0b35d9822(created@2183153);5822d20d15638c954d2b971931f08f2bf72ea08516437fdb51342df0b35d9822(created@2183153);5822d20d15638c954d2b971931f08f2bf72ea08516437fdb51342df0b35d9822(spent@2183153);5822d20d15638c954d2b971931f08f2bf72ea08516437fdb51342df0b35d9822(spent@2183153);5822d20d15638c954d2b971931f08f2bf72ea08516437fdb51342df0b35d9822(spent@2183153);5822d20d15638c954d2b971931f08f2bf72ea08516437fdb51342df0b35d9822(spent@2183153)"
"mn_addr_preprod14juhl8w34evrtedrxa4qsqk82pt2wu04s2j3ucm97vcu5xr7jshs5jmf3t",29,16,13,2154412,2169141,"24ccc3ee2169800b711fbae6350a0604029131c8dd2a67639c1a4a7051738144(created@2154412);24ccc3ee2169800b711fbae6350a0604029131c8dd2a67639c1a4a7051738144(created@2154412);24ccc3ee2169800b711fbae6350a0604029131c8dd2a67639c1a4a7051738144(spent@2154412);24ccc3ee2169800b711fbae6350a0604029131c8dd2a67639c1a4a7051738144(spent@2154412);c152e77a455090aeb19a904ce34c49a67759a44bcda4ad31b8c2332dd809cc74(created@2154427);c152e77a455090aeb19a904ce34c49a67759a44bcda4ad31b8c2332dd809cc74(created@2154427);c152e77a455090aeb19a904ce34c49a67759a44bcda4ad31b8c2332dd809cc74(spent@2154427);c2f347d39684ef4b60ff5c3d3aef6cd7f0310790d9b81b73a55dd57aeea6ebf6(created@2154441);c2f347d39684ef4b60ff5c3d3aef6cd7f0310790d9b81b73a55dd57aeea6ebf6(created@2154441);c2f347d39684ef4b60ff5c3d3aef6cd7f0310790d9b81b73a55dd57aeea6ebf6(spent@2154441);c2f347d39684ef4b60ff5c3d3aef6cd7f0310790d9b81b73a55dd57aeea6ebf6(spent@2154441);c2f347d39684ef4b60ff5c3d3aef6cd7f0310790d9b81b73a55dd57aeea6ebf6(spent@2154441);33c56a9e788884a7e6301dc6b7df83f5bbbe2a6f0c5a474760e82e2d88b6ec75(created@2154457);33c56a9e788884a7e6301dc6b7df83f5bbbe2a6f0c5a474760e82e2d88b6ec75(created@2154457);33c56a9e788884a7e6301dc6b7df83f5bbbe2a6f0c5a474760e82e2d88b6ec75(spent@2154457);33c56a9e788884a7e6301dc6b7df83f5bbbe2a6f0c5a474760e82e2d88b6ec75(spent@2154457);33c56a9e788884a7e6301dc6b7df83f5bbbe2a6f0c5a474760e82e2d88b6ec75(spent@2154457);33c56a9e788884a7e6301dc6b7df83f5bbbe2a6f0c5a474760e82e2d88b6ec75(spent@2154457);9ddcb9adab30f3a9ad0933f0c12e61aeec578dd973e16ab5ca33fc20d1d15531(created@2169095);9ddcb9adab30f3a9ad0933f0c12e61aeec578dd973e16ab5ca33fc20d1d15531(created@2169095);9ddcb9adab30f3a9ad0933f0c12e61aeec578dd973e16ab5ca33fc20d1d15531(spent@2169095);318885d75e4ac9708d67d7eca22c5c9fc0859a7d62afbef640870789d81c9c4e(created@2169116);318885d75e4ac9708d67d7eca22c5c9fc0859a7d62afbef640870789d81c9c4e(created@2169116);318885d75e4ac9708d67d7eca22c5c9fc0859a7d62afbef640870789d81c9c4e(spent@2169116);318885d75e4ac9708d67d7eca22c5c9fc0859a7d62afbef640870789d81c9c4e(spent@2169116)"
"mn_addr_preprod1xcmxw094zxek0jp0tdc6e294tgrx0qn0l40ugjqhtqy3w5x7dkusuzphxg",29,13,16,2157952,2173522,"e95b6583be3583ecefc7a7a992a5fe764119e242f80d5ad07f6c7ae0ca240a6c(created@2157952);327894ab7da57c00cff599cd7624181bea5e22cd9ecc571546d2b7630ead0b61(created@2157996);327894ab7da57c00cff599cd7624181bea5e22cd9ecc571546d2b7630ead0b61(spent@2157996);327894ab7da57c00cff599cd7624181bea5e22cd9ecc571546d2b7630ead0b61(spent@2157996);af8fc480dbc4441619fa0326c353d559d5866bc992d5705f53436f4f0e008a8d(created@2158002);af8fc480dbc4441619fa0326c353d559d5866bc992d5705f53436f4f0e008a8d(spent@2158002);af8fc480dbc4441619fa0326c353d559d5866bc992d5705f53436f4f0e008a8d(spent@2158002);162877f264c6546c0241139f16e4e4e02c6be696fcab81f785b92e9b69deb4cb(created@2158007);162877f264c6546c0241139f16e4e4e02c6be696fcab81f785b92e9b69deb4cb(spent@2158007);8b94eb3a52e33789d3f5e802dd9b2bb6ab1bbe409f0ee9fc8df408c5695a9364(created@2158012);8b94eb3a52e33789d3f5e802dd9b2bb6ab1bbe409f0ee9fc8df408c5695a9364(spent@2158012);8b94eb3a52e33789d3f5e802dd9b2bb6ab1bbe409f0ee9fc8df408c5695a9364(spent@2158012);049f1e0d560c18f1bc116293f7abebbb748f5758e4087563af5943874fe98f77(created@2158017);049f1e0d560c18f1bc116293f7abebbb748f5758e4087563af5943874fe98f77(spent@2158017);d3c90e2b279c6767e7ae42c41b9109fd7bf3b16d45885561c8ca7bc8ebd5540d(created@2158021);d3c90e2b279c6767e7ae42c41b9109fd7bf3b16d45885561c8ca7bc8ebd5540d(spent@2158021);d3c90e2b279c6767e7ae42c41b9109fd7bf3b16d45885561c8ca7bc8ebd5540d(spent@2158021);c7d9a155850d1a7322d01d1de094640f339f49beccc395179e476dbb76eac636(created@2160543);c7d9a155850d1a7322d01d1de094640f339f49beccc395179e476dbb76eac636(created@2160543);c7d9a155850d1a7322d01d1de094640f339f49beccc395179e476dbb76eac636(spent@2160543);94a7313f76aa1f6e95a569785cdd11d0ed860477daaeeff8b95890e4dabefe72(created@2160555);94a7313f76aa1f6e95a569785cdd11d0ed860477daaeeff8b95890e4dabefe72(spent@2160555);1a5ca3ce57d446bc8dc454420433f1ed83e1185710a09815107b38371d7145bf(created@2160567);1a5ca3ce57d446bc8dc454420433f1ed83e1185710a09815107b38371d7145bf(spent@2160567);02b8ef812fe50d30e2171a74118658b25f0cd35ddb908f708692aecb5b3a64f1(created@2173504)"
"mn_addr_preprod16vvvp3w04cyg0aw4fm0pgjdns0n0sevsdhnpvnq3k5prz9k6cmdshtwv3e",29,18,11,2167652,2198222,"098324b26ad256ff42b448be177d32d8168c3ea6fa2959e59c6a8b0c23a0de50(created@2167652);098324b26ad256ff42b448be177d32d8168c3ea6fa2959e59c6a8b0c23a0de50(created@2167652);098324b26ad256ff42b448be177d32d8168c3ea6fa2959e59c6a8b0c23a0de50(spent@2167652);62f172dbd4d79ef035b59ddf4a2d8857d25247b73cd1d69347974be35bf320eb(created@2167685);62f172dbd4d79ef035b59ddf4a2d8857d25247b73cd1d69347974be35bf320eb(created@2167685);b9e2729c1d63aa964ae48bb024b383c08af0a0012740cb53061b8953203805ce(created@2167696);b9e2729c1d63aa964ae48bb024b383c08af0a0012740cb53061b8953203805ce(created@2167696);b9e2729c1d63aa964ae48bb024b383c08af0a0012740cb53061b8953203805ce(spent@2167696);b9e2729c1d63aa964ae48bb024b383c08af0a0012740cb53061b8953203805ce(spent@2167696);b9e2729c1d63aa964ae48bb024b383c08af0a0012740cb53061b8953203805ce(spent@2167696);0c74d314b679bd9df545ed29004e115816ef57c0e55b64eab7300e42238352b8(created@2183076);0c74d314b679bd9df545ed29004e115816ef57c0e55b64eab7300e42238352b8(created@2183076);0c74d314b679bd9df545ed29004e115816ef57c0e55b64eab7300e42238352b8(spent@2183076);2780bc138c9b444f8ebdeb2044774664001d86a0fd6e8459eda60b4717649656(created@2183089);2780bc138c9b444f8ebdeb2044774664001d86a0fd6e8459eda60b4717649656(created@2183089);2780bc138c9b444f8ebdeb2044774664001d86a0fd6e8459eda60b4717649656(spent@2183089);2780bc138c9b444f8ebdeb2044774664001d86a0fd6e8459eda60b4717649656(spent@2183089);d15612e458d836d60a698f0137d78ad539660292e2c8afe53973fccaf39eeff1(created@2183101);d15612e458d836d60a698f0137d78ad539660292e2c8afe53973fccaf39eeff1(created@2183101);bc27740625e151d3381275e87f473abe8f3dcfcf0c1987cad24a703d4420b503(created@2198185);bc27740625e151d3381275e87f473abe8f3dcfcf0c1987cad24a703d4420b503(created@2198185);bc27740625e151d3381275e87f473abe8f3dcfcf0c1987cad24a703d4420b503(spent@2198185);bc27740625e151d3381275e87f473abe8f3dcfcf0c1987cad24a703d4420b503(spent@2198185);0c9881e2c1a923867c2ffbb43561f0ff8cefe47ac343e70def70a301016972a3(created@2198197);0c9881e2c1a923867c2ffbb43561f0ff8cefe47ac343e70def70a301016972a3(created@2198197)"
"mn_addr_preprod1txura7pk8apk7zfjfsjxv45gcd43rsf4vf4xjy87t2gv2dwk25aqwy8cm4",29,16,13,2197058,2197304,"97f50781d5f4b3acadc4329e647d7b4ab7732a873d49b85412782478fd603b82(created@2197058);97f50781d5f4b3acadc4329e647d7b4ab7732a873d49b85412782478fd603b82(created@2197058);97f50781d5f4b3acadc4329e647d7b4ab7732a873d49b85412782478fd603b82(spent@2197058);97f50781d5f4b3acadc4329e647d7b4ab7732a873d49b85412782478fd603b82(spent@2197058);97f50781d5f4b3acadc4329e647d7b4ab7732a873d49b85412782478fd603b82(spent@2197058);97f50781d5f4b3acadc4329e647d7b4ab7732a873d49b85412782478fd603b82(spent@2197058);97f50781d5f4b3acadc4329e647d7b4ab7732a873d49b85412782478fd603b82(spent@2197058);d778c9166db8c5062995bfde4834cad9a541542968e293898bc8007f20acc586(created@2197076);d778c9166db8c5062995bfde4834cad9a541542968e293898bc8007f20acc586(created@2197076);d778c9166db8c5062995bfde4834cad9a541542968e293898bc8007f20acc586(spent@2197076);d778c9166db8c5062995bfde4834cad9a541542968e293898bc8007f20acc586(spent@2197076);6c600732c8576877757fcc13cd1bc2843f9818fd5322cb3830628c0307a004bd(created@2197094);6c600732c8576877757fcc13cd1bc2843f9818fd5322cb3830628c0307a004bd(created@2197094);6c600732c8576877757fcc13cd1bc2843f9818fd5322cb3830628c0307a004bd(spent@2197094);6c600732c8576877757fcc13cd1bc2843f9818fd5322cb3830628c0307a004bd(spent@2197094);6c600732c8576877757fcc13cd1bc2843f9818fd5322cb3830628c0307a004bd(spent@2197094);6c600732c8576877757fcc13cd1bc2843f9818fd5322cb3830628c0307a004bd(spent@2197094);75e632d98177774d682649df58b7b87a6f5cefeabdaf26d65ae90f1c6ae3869f(created@2197145);75e632d98177774d682649df58b7b87a6f5cefeabdaf26d65ae90f1c6ae3869f(created@2197145);75e632d98177774d682649df58b7b87a6f5cefeabdaf26d65ae90f1c6ae3869f(spent@2197145);75e632d98177774d682649df58b7b87a6f5cefeabdaf26d65ae90f1c6ae3869f(spent@2197145);cf6963e0c52e9cec97d61e14116514fc01c7599a121e62ef4410dab0a01e308f(created@2197233);cf6963e0c52e9cec97d61e14116514fc01c7599a121e62ef4410dab0a01e308f(created@2197233);a2e66e67465173783d3bad8c3949e03af77a02116ed850008b2ce4654e2a8178(created@2197250);a2e66e67465173783d3bad8c3949e03af77a02116ed850008b2ce4654e2a8178(created@2197250)"
"mn_addr_preprod1kjf9uqahuafzskpa84qmevn8z8gthvuyts25046k067kpttda79qch3qz2",28,20,8,2151888,2195144,"f9f4edf1c4aacbcb7efd9ccf3fa11d4bfd0505ba346522237d5db9905378c50e(created@2151888);ec8fbc0ee93b8c50a3c201f508c26d6aa29327d82df0fa62154653d0be0595ec(created@2151937);adca2b6b2190e3d6e298546719e560f48bd4595587596b2bc5e469c8d646126d(created@2160862);adca2b6b2190e3d6e298546719e560f48bd4595587596b2bc5e469c8d646126d(spent@2160862);adca2b6b2190e3d6e298546719e560f48bd4595587596b2bc5e469c8d646126d(spent@2160862);adca2b6b2190e3d6e298546719e560f48bd4595587596b2bc5e469c8d646126d(spent@2160862);20dea556f4b0386206834fb20f031f8b395e57a71864de5816152383ff7f3728(created@2160884);1f7109021c862e4604c01ca90f41eb16142e56df7852bcb3da02728fa1eebf2b(created@2160945);1f7109021c862e4604c01ca90f41eb16142e56df7852bcb3da02728fa1eebf2b(spent@2160945);1f7109021c862e4604c01ca90f41eb16142e56df7852bcb3da02728fa1eebf2b(spent@2160945);1e8342a8371c623d9e672bae5abc2dfb6e18f86d4f476e0dfb319e79acf1aa70(created@2160973);2f6287b5c1afc0228edd9002394a276dba536533b432aa1f1bde62260b541649(created@2161273);1ea89d259ea64c158e41287e9c0cb3bce47b89558f46dca4e3a8a87f2336b30a(created@2161715);1ea89d259ea64c158e41287e9c0cb3bce47b89558f46dca4e3a8a87f2336b30a(spent@2161715);1ea89d259ea64c158e41287e9c0cb3bce47b89558f46dca4e3a8a87f2336b30a(spent@2161715);d630ad3189a8b05eed334db34aff1f22986d22ed59eba90cde9f3aa581a2a318(created@2161756);a1ab1b0077e685cbb0320b3dfa2155659609e35eb2fd8ab0cc052cbb9fbe51e4(created@2161837);6fbd26c381db842f26e4e4fcfee0c81a6760aabc094a24dc9b876d31b14871e9(created@2166303);7541f60991d6ccbf4677dd74a003a59a2a46c9bb501b1dc98acc16aefb97b572(created@2166354);4177d3bbe997dd26ab7493a16091e71d9c5a4453fcd71869589120728dc6f1ea(created@2172910);4177d3bbe997dd26ab7493a16091e71d9c5a4453fcd71869589120728dc6f1ea(spent@2172910);2e5e0c1010a1de3eab1ff717c99950eccbf028b268c942fded3da2f528634e07(created@2178995);745f5c389a6bbf44d76cd19aa317d7d26478fc9be78cde72b22d00d4ab0b46ef(created@2180702);f3b7a25b910d39da3e26bcc8ef9d9294a717bc43cc54e458efd813cda1c6b3c4(created@2180753);a7fac7ac448f3087138d10175dba53bcbcfae01a467ffbfb30e0ab74563351ed(created@2186580)"
"mn_addr_preprod1qw38hq2206d9jwsz4gw3dhwgzzknxx2cy6qpfcpeu2gfwphrculsfpuxed",28,14,14,2195839,2195936,"2cf261194b1066ee3fdb69048b70b3a8ee660141386f2dc7ab790e03bb6b5bdc(created@2195839);2cf261194b1066ee3fdb69048b70b3a8ee660141386f2dc7ab790e03bb6b5bdc(created@2195839);2cf261194b1066ee3fdb69048b70b3a8ee660141386f2dc7ab790e03bb6b5bdc(spent@2195839);2cf261194b1066ee3fdb69048b70b3a8ee660141386f2dc7ab790e03bb6b5bdc(spent@2195839);8caf230ddf184612c5662d5181452151db5e0b188c309c3c1ea8ae8b42fc0052(created@2195855);8caf230ddf184612c5662d5181452151db5e0b188c309c3c1ea8ae8b42fc0052(created@2195855);8caf230ddf184612c5662d5181452151db5e0b188c309c3c1ea8ae8b42fc0052(spent@2195855);8caf230ddf184612c5662d5181452151db5e0b188c309c3c1ea8ae8b42fc0052(spent@2195855);8caf230ddf184612c5662d5181452151db5e0b188c309c3c1ea8ae8b42fc0052(spent@2195855);6d8384e5a4d99cfed80f80e0dfc84bba526e94c7c0ae12b2568867327978f2df(created@2195870);6d8384e5a4d99cfed80f80e0dfc84bba526e94c7c0ae12b2568867327978f2df(created@2195870);6d8384e5a4d99cfed80f80e0dfc84bba526e94c7c0ae12b2568867327978f2df(spent@2195870);6d8384e5a4d99cfed80f80e0dfc84bba526e94c7c0ae12b2568867327978f2df(spent@2195870);6d8384e5a4d99cfed80f80e0dfc84bba526e94c7c0ae12b2568867327978f2df(spent@2195870);836df6c2edd7e43eb43baca279e8ac122ac0c1799278c02c7d45b127dce4ab9d(created@2195883);836df6c2edd7e43eb43baca279e8ac122ac0c1799278c02c7d45b127dce4ab9d(created@2195883);836df6c2edd7e43eb43baca279e8ac122ac0c1799278c02c7d45b127dce4ab9d(spent@2195883);836df6c2edd7e43eb43baca279e8ac122ac0c1799278c02c7d45b127dce4ab9d(spent@2195883);836df6c2edd7e43eb43baca279e8ac122ac0c1799278c02c7d45b127dce4ab9d(spent@2195883);55b8fc161644e22c6d488057030c5c9da631e8d1f28cf9c20582106079dd8afe(created@2195898);55b8fc161644e22c6d488057030c5c9da631e8d1f28cf9c20582106079dd8afe(created@2195898);55b8fc161644e22c6d488057030c5c9da631e8d1f28cf9c20582106079dd8afe(spent@2195898);55b8fc161644e22c6d488057030c5c9da631e8d1f28cf9c20582106079dd8afe(spent@2195898);55b8fc161644e22c6d488057030c5c9da631e8d1f28cf9c20582106079dd8afe(spent@2195898);ec153e3908be10a20634bfb7b22383867f5b78099ea6035de01f58ffbd562d8e(created@2195916)"
"mn_addr_preprod1hw550qrdhgp8amwe73vegt62a9025eyl4jyshhfsprmu952eq5nsw0fngl",27,10,17,2167811,2196991,"0b8a121ad632f5e1ba994feab6963d4081ddf7d4e79a165b8c959734a4c77fc6(created@2167811);0b8a121ad632f5e1ba994feab6963d4081ddf7d4e79a165b8c959734a4c77fc6(created@2167811);0b8a121ad632f5e1ba994feab6963d4081ddf7d4e79a165b8c959734a4c77fc6(spent@2167811);0b8a121ad632f5e1ba994feab6963d4081ddf7d4e79a165b8c959734a4c77fc6(spent@2167811);0b8a121ad632f5e1ba994feab6963d4081ddf7d4e79a165b8c959734a4c77fc6(spent@2167811);6ca2b49d6cbd5eaa6b2ea83c30602665550cf2e217f16f5d53f78e84cecb0302(created@2196938);6ca2b49d6cbd5eaa6b2ea83c30602665550cf2e217f16f5d53f78e84cecb0302(created@2196938);6ca2b49d6cbd5eaa6b2ea83c30602665550cf2e217f16f5d53f78e84cecb0302(spent@2196938);da8c45071d787c5e3462494def8111f53edcee97a3950c54bd54dbfbfaf7ec72(created@2196954);da8c45071d787c5e3462494def8111f53edcee97a3950c54bd54dbfbfaf7ec72(created@2196954);da8c45071d787c5e3462494def8111f53edcee97a3950c54bd54dbfbfaf7ec72(spent@2196954);da8c45071d787c5e3462494def8111f53edcee97a3950c54bd54dbfbfaf7ec72(spent@2196954);fdaa32792925af57e8c37ce9394458ceb96d75c2654b6c7b645bfcbd995d2f62(created@2196975);fdaa32792925af57e8c37ce9394458ceb96d75c2654b6c7b645bfcbd995d2f62(created@2196975);fdaa32792925af57e8c37ce9394458ceb96d75c2654b6c7b645bfcbd995d2f62(spent@2196975);fdaa32792925af57e8c37ce9394458ceb96d75c2654b6c7b645bfcbd995d2f62(spent@2196975);fdaa32792925af57e8c37ce9394458ceb96d75c2654b6c7b645bfcbd995d2f62(spent@2196975);fdaa32792925af57e8c37ce9394458ceb96d75c2654b6c7b645bfcbd995d2f62(spent@2196975);fdaa32792925af57e8c37ce9394458ceb96d75c2654b6c7b645bfcbd995d2f62(spent@2196975);fdaa32792925af57e8c37ce9394458ceb96d75c2654b6c7b645bfcbd995d2f62(spent@2196975);2316f85180af8cd5d2eb3208ca196217ea074989fbb41762f1eb573f9cf19fe2(created@2196991);2316f85180af8cd5d2eb3208ca196217ea074989fbb41762f1eb573f9cf19fe2(created@2196991);2316f85180af8cd5d2eb3208ca196217ea074989fbb41762f1eb573f9cf19fe2(spent@2196991);2316f85180af8cd5d2eb3208ca196217ea074989fbb41762f1eb573f9cf19fe2(spent@2196991);2316f85180af8cd5d2eb3208ca196217ea074989fbb41762f1eb573f9cf19fe2(spent@2196991)"
"mn_addr_preprod1dh6f3sy87520x57nxem6vyux8845alsht4ym0ya9da2knnq64lgsauurvc",27,16,11,2182681,2197598,"f55132d81f1b6ebdefc0c04d63c45d6d7ff1977455ff559ca06e0b2de7a7e058(created@2182681);f55132d81f1b6ebdefc0c04d63c45d6d7ff1977455ff559ca06e0b2de7a7e058(created@2182681);f55132d81f1b6ebdefc0c04d63c45d6d7ff1977455ff559ca06e0b2de7a7e058(spent@2182681);f55132d81f1b6ebdefc0c04d63c45d6d7ff1977455ff559ca06e0b2de7a7e058(spent@2182681);9beb800d464eb07ed3829524228ccd04d7de1221165aa0e98b6a53f42d2ceecf(created@2182693);9beb800d464eb07ed3829524228ccd04d7de1221165aa0e98b6a53f42d2ceecf(created@2182693);9beb800d464eb07ed3829524228ccd04d7de1221165aa0e98b6a53f42d2ceecf(spent@2182693);9beb800d464eb07ed3829524228ccd04d7de1221165aa0e98b6a53f42d2ceecf(spent@2182693);9beb800d464eb07ed3829524228ccd04d7de1221165aa0e98b6a53f42d2ceecf(spent@2182693);9beb800d464eb07ed3829524228ccd04d7de1221165aa0e98b6a53f42d2ceecf(spent@2182693);c711b40ab9e18e0eed0c29e26a02515ee2aae64ee3a50842d212474396b0336d(created@2182710);c711b40ab9e18e0eed0c29e26a02515ee2aae64ee3a50842d212474396b0336d(created@2182710);cffdaca42331d97e7f1b680d0b1550ecbc263e6f5ec85999257960c6b9255bd7(created@2182752);cffdaca42331d97e7f1b680d0b1550ecbc263e6f5ec85999257960c6b9255bd7(created@2182752);cffdaca42331d97e7f1b680d0b1550ecbc263e6f5ec85999257960c6b9255bd7(spent@2182752);60dbbad6ba325cb04c5312bf6f45f328e0fa2523847d1a1ae684f00f2a18a3f8(created@2182780);60dbbad6ba325cb04c5312bf6f45f328e0fa2523847d1a1ae684f00f2a18a3f8(created@2182780);60dbbad6ba325cb04c5312bf6f45f328e0fa2523847d1a1ae684f00f2a18a3f8(spent@2182780);60dbbad6ba325cb04c5312bf6f45f328e0fa2523847d1a1ae684f00f2a18a3f8(spent@2182780);60dbbad6ba325cb04c5312bf6f45f328e0fa2523847d1a1ae684f00f2a18a3f8(spent@2182780);3c7454bda6a619468180eb1516a13c93273ef564d162ac945c25189eb8916efb(created@2197526);3c7454bda6a619468180eb1516a13c93273ef564d162ac945c25189eb8916efb(created@2197526);3c7454bda6a619468180eb1516a13c93273ef564d162ac945c25189eb8916efb(spent@2197526);00f92e84dfbd279f4529d46bf559e838d54ae7e47039ba6e78c5a5ba53b03481(created@2197544);00f92e84dfbd279f4529d46bf559e838d54ae7e47039ba6e78c5a5ba53b03481(created@2197544)"
"mn_addr_preprod1d6anlrml3z30an3d2jf38ep73caq97gpgp34n4kdergkthp8l07s285atn",24,12,12,2154403,2197030,"1a0ea84461afbdf8543c33fd5c12fa7eb794e6def7c4e3dc8ea360fa9bf0fba7(created@2154403);1a0ea84461afbdf8543c33fd5c12fa7eb794e6def7c4e3dc8ea360fa9bf0fba7(created@2154403);1a0ea84461afbdf8543c33fd5c12fa7eb794e6def7c4e3dc8ea360fa9bf0fba7(spent@2154403);1a0ea84461afbdf8543c33fd5c12fa7eb794e6def7c4e3dc8ea360fa9bf0fba7(spent@2154403);1a0ea84461afbdf8543c33fd5c12fa7eb794e6def7c4e3dc8ea360fa9bf0fba7(spent@2154403);1a0ea84461afbdf8543c33fd5c12fa7eb794e6def7c4e3dc8ea360fa9bf0fba7(spent@2154403);9b4bf595a32661cae6aeac6044e3501ecfc8ea3336314493001b3f13bca77e92(created@2154436);9b4bf595a32661cae6aeac6044e3501ecfc8ea3336314493001b3f13bca77e92(created@2154436);9b4bf595a32661cae6aeac6044e3501ecfc8ea3336314493001b3f13bca77e92(spent@2154436);9b4bf595a32661cae6aeac6044e3501ecfc8ea3336314493001b3f13bca77e92(spent@2154436);6de019c01e470f7c6598514c75c7ebdec6626bcc74265788ad2017a3a99f06fa(created@2154466);6de019c01e470f7c6598514c75c7ebdec6626bcc74265788ad2017a3a99f06fa(created@2154466);6de019c01e470f7c6598514c75c7ebdec6626bcc74265788ad2017a3a99f06fa(spent@2154466);6de019c01e470f7c6598514c75c7ebdec6626bcc74265788ad2017a3a99f06fa(spent@2154466);6de019c01e470f7c6598514c75c7ebdec6626bcc74265788ad2017a3a99f06fa(spent@2154466);94aae9aed29a02eca08ea1608ea0d07131b970b5170b66c53899372548141b97(created@2196920);94aae9aed29a02eca08ea1608ea0d07131b970b5170b66c53899372548141b97(created@2196920);94aae9aed29a02eca08ea1608ea0d07131b970b5170b66c53899372548141b97(spent@2196920);08ebd76cf99fc3c31b1ca16d46ec7010c6d70e94935546cf68e3a681b233522f(created@2196939);08ebd76cf99fc3c31b1ca16d46ec7010c6d70e94935546cf68e3a681b233522f(created@2196939);08ebd76cf99fc3c31b1ca16d46ec7010c6d70e94935546cf68e3a681b233522f(spent@2196939);08ebd76cf99fc3c31b1ca16d46ec7010c6d70e94935546cf68e3a681b233522f(spent@2196939);c3603f99c58c49a7d553b304ae98962d31ff4df4e0e41a22183526299933f97b(created@2197030);c3603f99c58c49a7d553b304ae98962d31ff4df4e0e41a22183526299933f97b(created@2197030)"
"mn_addr_preprod1y9lsc5gv0yc4nd4wp4203xeaxvj74727xdgeujkfyrmt4ph35tcq6snvmp",24,14,10,2169178,2183843,"6aa7c8832ccb866a962ee6becd8415c9a467bff419ed6de8319a139f4049791c(created@2169178);6aa7c8832ccb866a962ee6becd8415c9a467bff419ed6de8319a139f4049791c(created@2169178);6aa7c8832ccb866a962ee6becd8415c9a467bff419ed6de8319a139f4049791c(spent@2169178);6aa7c8832ccb866a962ee6becd8415c9a467bff419ed6de8319a139f4049791c(spent@2169178);6aa7c8832ccb866a962ee6becd8415c9a467bff419ed6de8319a139f4049791c(spent@2169178);e471376f696dc8757677aa383ac7c608d8bc637d63fa77ff0a426f48b4cb7a80(created@2169196);e471376f696dc8757677aa383ac7c608d8bc637d63fa77ff0a426f48b4cb7a80(created@2169196);e471376f696dc8757677aa383ac7c608d8bc637d63fa77ff0a426f48b4cb7a80(spent@2169196);e471376f696dc8757677aa383ac7c608d8bc637d63fa77ff0a426f48b4cb7a80(spent@2169196);e471376f696dc8757677aa383ac7c608d8bc637d63fa77ff0a426f48b4cb7a80(spent@2169196);e471376f696dc8757677aa383ac7c608d8bc637d63fa77ff0a426f48b4cb7a80(spent@2169196);ea16a99f95c74669c350b57f71f641e6f6ddd5ae2b155be116c8d476763c3e74(created@2183766);ea16a99f95c74669c350b57f71f641e6f6ddd5ae2b155be116c8d476763c3e74(created@2183766);ea16a99f95c74669c350b57f71f641e6f6ddd5ae2b155be116c8d476763c3e74(spent@2183766);ea16a99f95c74669c350b57f71f641e6f6ddd5ae2b155be116c8d476763c3e74(spent@2183766);ea16a99f95c74669c350b57f71f641e6f6ddd5ae2b155be116c8d476763c3e74(spent@2183766);50d238054c9e653643ea5af57aa0ae1f56267e3606b6b42cc5326c47c4c0b1af(created@2183802);50d238054c9e653643ea5af57aa0ae1f56267e3606b6b42cc5326c47c4c0b1af(created@2183802);f0d3b68f430c6dd5e4027d7cd72089a40eeb94c8e38d8aab650ca7100e61b730(created@2183815);f0d3b68f430c6dd5e4027d7cd72089a40eeb94c8e38d8aab650ca7100e61b730(created@2183815);52f67ff1bd5b9c31a6b27cb7acee7319871145eee1116ca33736bc73554a32ae(created@2183831);52f67ff1bd5b9c31a6b27cb7acee7319871145eee1116ca33736bc73554a32ae(created@2183831);f6b15936b93a74c24c5d5c094271f4085d312cd9fcaec2ffff050d20e9a9f049(created@2183843);f6b15936b93a74c24c5d5c094271f4085d312cd9fcaec2ffff050d20e9a9f049(created@2183843)"
"mn_addr_preprod1g84s5k7cxzw5fvxq3hgx4tjnse8nnp8s5wctep275catzsunah8q9e3aqx",23,16,7,2184141,2198755,"98f75aeaf8de2aa98a9c258e5f44619d4931ae5a3eb8cad5773801c2bbe68b6b(created@2184141);173a703a9f44c5419429280af50ccdc31e0d3db0e1d0093f03e8a8979396924f(created@2184667);173a703a9f44c5419429280af50ccdc31e0d3db0e1d0093f03e8a8979396924f(spent@2184667);2ff02961d858b0fce97e91740408d0dd520c6d969f444e1fab401644a49ca166(created@2185099);496ef5e3faf2e6dfc7b33b3439115817e17eb662e9fe51a68de821583bc06408(created@2190800);496ef5e3faf2e6dfc7b33b3439115817e17eb662e9fe51a68de821583bc06408(created@2190800);496ef5e3faf2e6dfc7b33b3439115817e17eb662e9fe51a68de821583bc06408(spent@2190800);4ac3078915e5c9b8edc95e20904981d03905e6ce9701a9bff90f88d34928604f(created@2191987);d0af030751b8f48a289a1f9b451015334d67c5ffd39c5c5c84cd1d400f9efdea(created@2198243);d0af030751b8f48a289a1f9b451015334d67c5ffd39c5c5c84cd1d400f9efdea(created@2198243);d0af030751b8f48a289a1f9b451015334d67c5ffd39c5c5c84cd1d400f9efdea(spent@2198243);81d0d7de073e3347fe4e2509b4aa4b0e650e261ac51b6a06ae62958f6ca9a8b5(created@2198395);81d0d7de073e3347fe4e2509b4aa4b0e650e261ac51b6a06ae62958f6ca9a8b5(created@2198395);81d0d7de073e3347fe4e2509b4aa4b0e650e261ac51b6a06ae62958f6ca9a8b5(spent@2198395);c35a7f48b83e3795be04337a0a727e15e960bf4e72989e17ef42c54eed11df0b(created@2198441);c35a7f48b83e3795be04337a0a727e15e960bf4e72989e17ef42c54eed11df0b(created@2198441);c35a7f48b83e3795be04337a0a727e15e960bf4e72989e17ef42c54eed11df0b(spent@2198441);91a69d694d30b7d118b8aaa3c7ed97a87f7d4395ddf7a7640bd12df203f28334(created@2198516);91a69d694d30b7d118b8aaa3c7ed97a87f7d4395ddf7a7640bd12df203f28334(created@2198516);91a69d694d30b7d118b8aaa3c7ed97a87f7d4395ddf7a7640bd12df203f28334(spent@2198516);33f73ab3ad7487ccc8545bf1001b07e950ccd91fe327ee09bacaedc5f89a8883(created@2198755);33f73ab3ad7487ccc8545bf1001b07e950ccd91fe327ee09bacaedc5f89a8883(created@2198755);33f73ab3ad7487ccc8545bf1001b07e950ccd91fe327ee09bacaedc5f89a8883(spent@2198755)"
"mn_addr_preprod1wuu2s5txaa4pcmpe6knelw5yjqextv2sl0zc0uznyd3vtcgqmzyqapcyhp",23,16,7,2196424,2196691,"401ca031a2978df47130f2dcea9cba53f4230698a609caf262a6e5aa5366aa5b(created@2196424);401ca031a2978df47130f2dcea9cba53f4230698a609caf262a6e5aa5366aa5b(created@2196424);401ca031a2978df47130f2dcea9cba53f4230698a609caf262a6e5aa5366aa5b(spent@2196424);5e20ca45675b31dd84e0b772909d547d23c7a5029bf23621f6015b2c7515a009(created@2196442);5e20ca45675b31dd84e0b772909d547d23c7a5029bf23621f6015b2c7515a009(created@2196442);5e20ca45675b31dd84e0b772909d547d23c7a5029bf23621f6015b2c7515a009(spent@2196442);5e20ca45675b31dd84e0b772909d547d23c7a5029bf23621f6015b2c7515a009(spent@2196442);ef911dc1a97e18e68df0434308d6d03e8296283683218334078861b68c829839(created@2196452);ef911dc1a97e18e68df0434308d6d03e8296283683218334078861b68c829839(created@2196452);ef911dc1a97e18e68df0434308d6d03e8296283683218334078861b68c829839(spent@2196452);ef911dc1a97e18e68df0434308d6d03e8296283683218334078861b68c829839(spent@2196452);ef911dc1a97e18e68df0434308d6d03e8296283683218334078861b68c829839(spent@2196452);ef911dc1a97e18e68df0434308d6d03e8296283683218334078861b68c829839(spent@2196452);0bbe624db18385a86b543400199da408ec229012ec42630753cf9695405b9ccc(created@2196460);0bbe624db18385a86b543400199da408ec229012ec42630753cf9695405b9ccc(created@2196460);0d60784de3ffd12e64a21372f624a7fc26d2abf5760ab018464e7c01e6eb141a(created@2196469);0d60784de3ffd12e64a21372f624a7fc26d2abf5760ab018464e7c01e6eb141a(created@2196469);e0c6a95360419d7c562f7ee2ba3e662ad195689fec23710747fb14b5949d0f06(created@2196487);e0c6a95360419d7c562f7ee2ba3e662ad195689fec23710747fb14b5949d0f06(created@2196487);5124ec4517494c7bc2a0cb8acebc20ddd21d3aea91b51e6a813a7e4f3af1e207(created@2196498);5124ec4517494c7bc2a0cb8acebc20ddd21d3aea91b51e6a813a7e4f3af1e207(created@2196498);b4eba35b37b1b3549bab012564ec6951033e8e167df8e9eb5bc7791a025f29fa(created@2196691);b4eba35b37b1b3549bab012564ec6951033e8e167df8e9eb5bc7791a025f29fa(created@2196691)"
"mn_addr_preprod1sh2205rj3c535n9f5g6p9z42ywa84kcfyeuhenp9yl00lww039uqn7fupp",22,11,11,2166709,2166821,"ccbab1f341c5dc500bb9e8b05eee4c217be4aeac64f33381108f4424eeb64140(created@2166709);ccbab1f341c5dc500bb9e8b05eee4c217be4aeac64f33381108f4424eeb64140(spent@2166709);ccbab1f341c5dc500bb9e8b05eee4c217be4aeac64f33381108f4424eeb64140(spent@2166709);ccbab1f341c5dc500bb9e8b05eee4c217be4aeac64f33381108f4424eeb64140(spent@2166709);ecc113e5558e2dcb30a75e4c0d40e43a2f39d1afbfebbb853a689187c4a18909(created@2166729);ecc113e5558e2dcb30a75e4c0d40e43a2f39d1afbfebbb853a689187c4a18909(spent@2166729);d993c5cb7e88c37f712cb8e62cb9700c2868b603d8d85dcab5411f9390ae6342(created@2166747);d993c5cb7e88c37f712cb8e62cb9700c2868b603d8d85dcab5411f9390ae6342(spent@2166747);9468a82240f2716713320b71b2f700153651a6472bf508395008610f9c69ea86(created@2166766);9468a82240f2716713320b71b2f700153651a6472bf508395008610f9c69ea86(created@2166766);e7ee8cb105feecf5ed185be14235c5a883c21e37a6fd40b12d0574582f3d607e(created@2166787);e7ee8cb105feecf5ed185be14235c5a883c21e37a6fd40b12d0574582f3d607e(created@2166787);e7ee8cb105feecf5ed185be14235c5a883c21e37a6fd40b12d0574582f3d607e(spent@2166787);e7ee8cb105feecf5ed185be14235c5a883c21e37a6fd40b12d0574582f3d607e(spent@2166787);e7ee8cb105feecf5ed185be14235c5a883c21e37a6fd40b12d0574582f3d607e(spent@2166787);e7ee8cb105feecf5ed185be14235c5a883c21e37a6fd40b12d0574582f3d607e(spent@2166787);74270ac5cc3e613b8f0a167b007ba1147fdd2b72827da5feb6e0b462234021c0(created@2166804);74270ac5cc3e613b8f0a167b007ba1147fdd2b72827da5feb6e0b462234021c0(created@2166804);74270ac5cc3e613b8f0a167b007ba1147fdd2b72827da5feb6e0b462234021c0(spent@2166804);74270ac5cc3e613b8f0a167b007ba1147fdd2b72827da5feb6e0b462234021c0(spent@2166804);4b101500fc314132e6083a2167b3155257cca7810c3a6528bc2d4a86874356d3(created@2166821);4b101500fc314132e6083a2167b3155257cca7810c3a6528bc2d4a86874356d3(created@2166821)"
"mn_addr_preprod174ehkyn4r8g6d7gvcqqpyykh5ycwsqrp3c5j9d2skg4lxp3ytc7qm2y22f",22,12,10,2167427,2182450,"5f0b76e78f1dd6bbceb58775f9f7d9607df97876a5ad90fc12d19e748b9165a1(created@2167427);5f0b76e78f1dd6bbceb58775f9f7d9607df97876a5ad90fc12d19e748b9165a1(created@2167427);5f0b76e78f1dd6bbceb58775f9f7d9607df97876a5ad90fc12d19e748b9165a1(spent@2167427);cd1122005b869b1ab93498183d9f73b711c51c193778ab77535f979dec550105(created@2167442);cd1122005b869b1ab93498183d9f73b711c51c193778ab77535f979dec550105(created@2167442);cd1122005b869b1ab93498183d9f73b711c51c193778ab77535f979dec550105(spent@2167442);cd1122005b869b1ab93498183d9f73b711c51c193778ab77535f979dec550105(spent@2167442);cd1122005b869b1ab93498183d9f73b711c51c193778ab77535f979dec550105(spent@2167442);cd1122005b869b1ab93498183d9f73b711c51c193778ab77535f979dec550105(spent@2167442);cd1122005b869b1ab93498183d9f73b711c51c193778ab77535f979dec550105(spent@2167442);74ea4b60db3b7eb743bd37d760437446bc26e695f0c0b2eea73ebdb2b6fc26c0(created@2182387);74ea4b60db3b7eb743bd37d760437446bc26e695f0c0b2eea73ebdb2b6fc26c0(created@2182387);74ea4b60db3b7eb743bd37d760437446bc26e695f0c0b2eea73ebdb2b6fc26c0(spent@2182387);74ea4b60db3b7eb743bd37d760437446bc26e695f0c0b2eea73ebdb2b6fc26c0(spent@2182387);ae98484e09c1890f6f951e206f2a4a2c116f15cefba79e491e70805c14531e14(created@2182419);ae98484e09c1890f6f951e206f2a4a2c116f15cefba79e491e70805c14531e14(created@2182419);ae98484e09c1890f6f951e206f2a4a2c116f15cefba79e491e70805c14531e14(spent@2182419);ae98484e09c1890f6f951e206f2a4a2c116f15cefba79e491e70805c14531e14(spent@2182419);c11f6b361ee6ee1327127b01ca48762f12fbcaa41cc492329fe94ca90f8cea1a(created@2182439);c11f6b361ee6ee1327127b01ca48762f12fbcaa41cc492329fe94ca90f8cea1a(created@2182439);ce457ee51cd323d43aaeb8b13c1e4646eac04996835b9867e876a9f854357a10(created@2182450);ce457ee51cd323d43aaeb8b13c1e4646eac04996835b9867e876a9f854357a10(created@2182450)"
"mn_addr_preprod15q7cmg468q6nymn8h0arg0elwa7sxt6ra6dql68qxqnzx5md0xfqx7qruu",22,12,10,2169069,2197502,"6812b73a6d565a9bfecd7694240ec5319518824f7dc144f50154a486cbd95c26(created@2169069);6812b73a6d565a9bfecd7694240ec5319518824f7dc144f50154a486cbd95c26(created@2169069);6812b73a6d565a9bfecd7694240ec5319518824f7dc144f50154a486cbd95c26(spent@2169069);6812b73a6d565a9bfecd7694240ec5319518824f7dc144f50154a486cbd95c26(spent@2169069);19499f2143e8d641e91136e0c9a55bc58d5b4d9df2100b93944038b2c65ee430(created@2169145);19499f2143e8d641e91136e0c9a55bc58d5b4d9df2100b93944038b2c65ee430(created@2169145);19499f2143e8d641e91136e0c9a55bc58d5b4d9df2100b93944038b2c65ee430(spent@2169145);19499f2143e8d641e91136e0c9a55bc58d5b4d9df2100b93944038b2c65ee430(spent@2169145);19499f2143e8d641e91136e0c9a55bc58d5b4d9df2100b93944038b2c65ee430(spent@2169145);8307e02830e9052aeec1340b3dabddb5fe35f69bed8eb3ca1f95455d532d0b4e(created@2183324);8307e02830e9052aeec1340b3dabddb5fe35f69bed8eb3ca1f95455d532d0b4e(created@2183324);8307e02830e9052aeec1340b3dabddb5fe35f69bed8eb3ca1f95455d532d0b4e(spent@2183324);8dd835a3d7f3ed5e2fd889942a5c59deb0bc10e18a6ebdf499dc0a7bbf96de28(created@2197458);8dd835a3d7f3ed5e2fd889942a5c59deb0bc10e18a6ebdf499dc0a7bbf96de28(created@2197458);8dd835a3d7f3ed5e2fd889942a5c59deb0bc10e18a6ebdf499dc0a7bbf96de28(spent@2197458);5b8f19e273db4b48b2517fcb5650fc63182eea79b5e945c9662e123b30df9537(created@2197489);5b8f19e273db4b48b2517fcb5650fc63182eea79b5e945c9662e123b30df9537(created@2197489);5b8f19e273db4b48b2517fcb5650fc63182eea79b5e945c9662e123b30df9537(spent@2197489);5b8f19e273db4b48b2517fcb5650fc63182eea79b5e945c9662e123b30df9537(spent@2197489);5b8f19e273db4b48b2517fcb5650fc63182eea79b5e945c9662e123b30df9537(spent@2197489);0ae4d28a475f5c87be4d3295cbd2044aaf679ae6b2223c19b7e0871e3219022b(created@2197502);0ae4d28a475f5c87be4d3295cbd2044aaf679ae6b2223c19b7e0871e3219022b(created@2197502)"
"mn_addr_preprod1z8s0qsgcmq3ktmrxlxjca4rs49z9athwentj2dgqrftpk4u9qm9s84w395",21,10,11,2169311,2198444,"c7773c452bb64172af008c6c202fca64aba2321baf5c78ac8c0e4a62a276792d(created@2169311);c7773c452bb64172af008c6c202fca64aba2321baf5c78ac8c0e4a62a276792d(created@2169311);c7773c452bb64172af008c6c202fca64aba2321baf5c78ac8c0e4a62a276792d(spent@2169311);c7773c452bb64172af008c6c202fca64aba2321baf5c78ac8c0e4a62a276792d(spent@2169311);17dbd3212aad6f42dd3b685bbb3c8fe1e9d21065b1235967f620805a3de2d5aa(created@2169380);17dbd3212aad6f42dd3b685bbb3c8fe1e9d21065b1235967f620805a3de2d5aa(created@2169380);17dbd3212aad6f42dd3b685bbb3c8fe1e9d21065b1235967f620805a3de2d5aa(spent@2169380);17dbd3212aad6f42dd3b685bbb3c8fe1e9d21065b1235967f620805a3de2d5aa(spent@2169380);cc9016ddfd60602125d1abd2b39e2ae82a2285450bfebe9945149d5016e593e9(created@2169424);cc9016ddfd60602125d1abd2b39e2ae82a2285450bfebe9945149d5016e593e9(created@2169424);cc9016ddfd60602125d1abd2b39e2ae82a2285450bfebe9945149d5016e593e9(spent@2169424);cc9016ddfd60602125d1abd2b39e2ae82a2285450bfebe9945149d5016e593e9(spent@2169424);cc9016ddfd60602125d1abd2b39e2ae82a2285450bfebe9945149d5016e593e9(spent@2169424);c6b6702523e898e70bfbe073923914dabeea7a4ea66f0120ca01283bca2ad4f0(created@2198429);c6b6702523e898e70bfbe073923914dabeea7a4ea66f0120ca01283bca2ad4f0(created@2198429);c6b6702523e898e70bfbe073923914dabeea7a4ea66f0120ca01283bca2ad4f0(spent@2198429);c6b6702523e898e70bfbe073923914dabeea7a4ea66f0120ca01283bca2ad4f0(spent@2198429);5d56d3338fd883d23614944b44afc4504937e9be7f9e7af728ad28125652911b(created@2198444);5d56d3338fd883d23614944b44afc4504937e9be7f9e7af728ad28125652911b(created@2198444);5d56d3338fd883d23614944b44afc4504937e9be7f9e7af728ad28125652911b(spent@2198444);5d56d3338fd883d23614944b44afc4504937e9be7f9e7af728ad28125652911b(spent@2198444)"
"mn_addr_preprod16ymyfrj8ypgwp4z46yfs5chxf8f5rlfhunvg8katc7c2rg59trjsh5tvz2",21,12,9,2196619,2196682,"3fa3d12864f69f0acdb7b6636d9f4b4710227c2ea6754e90c3cb71508c84410c(created@2196619);3fa3d12864f69f0acdb7b6636d9f4b4710227c2ea6754e90c3cb71508c84410c(created@2196619);3fa3d12864f69f0acdb7b6636d9f4b4710227c2ea6754e90c3cb71508c84410c(spent@2196619);3fa3d12864f69f0acdb7b6636d9f4b4710227c2ea6754e90c3cb71508c84410c(spent@2196619);cdd3149a60d580b8d627682c642df713b0c2a12478fef202282688a0ff0bab90(created@2196629);cdd3149a60d580b8d627682c642df713b0c2a12478fef202282688a0ff0bab90(created@2196629);cdd3149a60d580b8d627682c642df713b0c2a12478fef202282688a0ff0bab90(spent@2196629);cdd3149a60d580b8d627682c642df713b0c2a12478fef202282688a0ff0bab90(spent@2196629);172d26ee99d6c0391dd682fc273e7b54aaf022e3843959bac7a540d5af1f0b61(created@2196641);172d26ee99d6c0391dd682fc273e7b54aaf022e3843959bac7a540d5af1f0b61(created@2196641);172d26ee99d6c0391dd682fc273e7b54aaf022e3843959bac7a540d5af1f0b61(spent@2196641);172d26ee99d6c0391dd682fc273e7b54aaf022e3843959bac7a540d5af1f0b61(spent@2196641);ea265d138df60daa3debff062da5ac51b6e190954fd76a45b63ebad994190c6b(created@2196657);ea265d138df60daa3debff062da5ac51b6e190954fd76a45b63ebad994190c6b(created@2196657);ea265d138df60daa3debff062da5ac51b6e190954fd76a45b63ebad994190c6b(spent@2196657);ea265d138df60daa3debff062da5ac51b6e190954fd76a45b63ebad994190c6b(spent@2196657);ea265d138df60daa3debff062da5ac51b6e190954fd76a45b63ebad994190c6b(spent@2196657);98737dde63fe826d042cb5afc5531ec39b1758beb8466346e180969a4456d24b(created@2196672);98737dde63fe826d042cb5afc5531ec39b1758beb8466346e180969a4456d24b(created@2196672);02c67aab9f5804e378b1945eeb3fbbf72e3d149abfff5963cfb9d9ce8142f455(created@2196682);02c67aab9f5804e378b1945eeb3fbbf72e3d149abfff5963cfb9d9ce8142f455(created@2196682)"
"mn_addr_preprod167jwxla000820t3a4hx2mnp9pejm04yy9xwg82p22es2slfcer7scser6n",20,12,8,2169000,2169103,"9990c98a44ad77775bb7ac56976ffb806106ee5689ec5dae6b6777343d9d8a34(created@2169000);9990c98a44ad77775bb7ac56976ffb806106ee5689ec5dae6b6777343d9d8a34(created@2169000);9990c98a44ad77775bb7ac56976ffb806106ee5689ec5dae6b6777343d9d8a34(spent@2169000);170d3bc4d1d9212c1cf5552c7af8e879f03c45ebad2edcb4a206eab8009367e4(created@2169009);170d3bc4d1d9212c1cf5552c7af8e879f03c45ebad2edcb4a206eab8009367e4(created@2169009);170d3bc4d1d9212c1cf5552c7af8e879f03c45ebad2edcb4a206eab8009367e4(spent@2169009);d0d1da8ba5ffbda2aefdb26fa16ca4a56f1adbdf60f86b3c79c9db7699fc696f(created@2169019);d0d1da8ba5ffbda2aefdb26fa16ca4a56f1adbdf60f86b3c79c9db7699fc696f(created@2169019);d0d1da8ba5ffbda2aefdb26fa16ca4a56f1adbdf60f86b3c79c9db7699fc696f(spent@2169019);d0d1da8ba5ffbda2aefdb26fa16ca4a56f1adbdf60f86b3c79c9db7699fc696f(spent@2169019);dce14afe2d3e42b79eacbcc6c9dcf72b3b60e9afcf5929662444210201aa9c6f(created@2169032);dce14afe2d3e42b79eacbcc6c9dcf72b3b60e9afcf5929662444210201aa9c6f(created@2169032);dce14afe2d3e42b79eacbcc6c9dcf72b3b60e9afcf5929662444210201aa9c6f(spent@2169032);dce14afe2d3e42b79eacbcc6c9dcf72b3b60e9afcf5929662444210201aa9c6f(spent@2169032);dce14afe2d3e42b79eacbcc6c9dcf72b3b60e9afcf5929662444210201aa9c6f(spent@2169032);dce14afe2d3e42b79eacbcc6c9dcf72b3b60e9afcf5929662444210201aa9c6f(spent@2169032);4ba879ea28793f483bf3b307079d964518b5a3df0f5837ad72437a5ce5c8e889(created@2169091);4ba879ea28793f483bf3b307079d964518b5a3df0f5837ad72437a5ce5c8e889(created@2169091);c7cd8da7175831702f33405e0d4dc986805d1b23fc774896cf7b54e1fb259956(created@2169103);c7cd8da7175831702f33405e0d4dc986805d1b23fc774896cf7b54e1fb259956(created@2169103)"
"mn_addr_preprod1x4krs6ryzwmuc6xy6p5q7ncrs73g3l8hg6s55quwlnny3pqupudsxazuap",19,10,9,2167844,2197620,"2a670ddac647febcb8122efe01b8a8eb9027269b94d3cc37244e72479f817811(created@2167844);2a670ddac647febcb8122efe01b8a8eb9027269b94d3cc37244e72479f817811(created@2167844);2a670ddac647febcb8122efe01b8a8eb9027269b94d3cc37244e72479f817811(spent@2167844);bf377a5908d18bb90629a4a509430334323afb4b102462b1b2295dd772d3da81(created@2182664);bf377a5908d18bb90629a4a509430334323afb4b102462b1b2295dd772d3da81(created@2182664);bf377a5908d18bb90629a4a509430334323afb4b102462b1b2295dd772d3da81(spent@2182664);a990e76c8b413f07f2608407342e7dbc3fcf51ef57e968dae582d11b44231cc5(created@2183696);a990e76c8b413f07f2608407342e7dbc3fcf51ef57e968dae582d11b44231cc5(created@2183696);a990e76c8b413f07f2608407342e7dbc3fcf51ef57e968dae582d11b44231cc5(spent@2183696);a990e76c8b413f07f2608407342e7dbc3fcf51ef57e968dae582d11b44231cc5(spent@2183696);a990e76c8b413f07f2608407342e7dbc3fcf51ef57e968dae582d11b44231cc5(spent@2183696);7b110566d444a18360a838d775669ed7330e4110d89854e4c2c17721129ddc56(created@2197270);7b110566d444a18360a838d775669ed7330e4110d89854e4c2c17721129ddc56(created@2197270);7b110566d444a18360a838d775669ed7330e4110d89854e4c2c17721129ddc56(spent@2197270);fe3b7b064c4a1e170a17929ba2471d4a26a5350d930d2a0b8818a31083a9ca20(created@2197620);fe3b7b064c4a1e170a17929ba2471d4a26a5350d930d2a0b8818a31083a9ca20(created@2197620);fe3b7b064c4a1e170a17929ba2471d4a26a5350d930d2a0b8818a31083a9ca20(spent@2197620);fe3b7b064c4a1e170a17929ba2471d4a26a5350d930d2a0b8818a31083a9ca20(spent@2197620);fe3b7b064c4a1e170a17929ba2471d4a26a5350d930d2a0b8818a31083a9ca20(spent@2197620)"
"mn_addr_preprod1ycw5ewcuejkp56c35ul8yyle545wda820pmq9utwjmqdjj59f8qq6h4q6q",18,9,9,2159617,2188726,"863132cd4a9db1f040c9fc16a2a1bd3ecce85d0437895e882a460897570b3417(created@2159617);863132cd4a9db1f040c9fc16a2a1bd3ecce85d0437895e882a460897570b3417(spent@2159617);e6b18a6c297b172334eda551f6444bc3b6ffa1143ea262e88b0a2c8440f8f20d(created@2159625);e6b18a6c297b172334eda551f6444bc3b6ffa1143ea262e88b0a2c8440f8f20d(spent@2159625);f248bf04c17c49b2189bc9e2d4514b4d68c468a9c87e3a7801542b6c5b4c74f4(created@2159632);f248bf04c17c49b2189bc9e2d4514b4d68c468a9c87e3a7801542b6c5b4c74f4(spent@2159632);ea077ab9d763b0bae0d18f61a0c2ef3512042132b3ae40d78533f1eb5b3516b2(created@2174148);ea077ab9d763b0bae0d18f61a0c2ef3512042132b3ae40d78533f1eb5b3516b2(spent@2174148);05ea85e42996f19db751d1721d44f9aaaa38a4dde3d5fd09842a124c71c9ee82(created@2174157);05ea85e42996f19db751d1721d44f9aaaa38a4dde3d5fd09842a124c71c9ee82(spent@2174157);ab3b64d55b1fb9584329c3f8f8c4ee9da7f70b59f72bd5221b446fb7dc5b7822(created@2174164);ab3b64d55b1fb9584329c3f8f8c4ee9da7f70b59f72bd5221b446fb7dc5b7822(spent@2174164);5847aeedcaee2d7e824ddfe5e43f30240deae36808a6304200a37646e4247f7c(created@2188710);5847aeedcaee2d7e824ddfe5e43f30240deae36808a6304200a37646e4247f7c(spent@2188710);f90460ea80cca197d4e796e8cfb9c4dae1d6a5b8b32269a98b722b3a374a43ae(created@2188719);f90460ea80cca197d4e796e8cfb9c4dae1d6a5b8b32269a98b722b3a374a43ae(spent@2188719);1ed0f651c6d83437fd2746a70603e1a7b62b58cb66da9e04cf69a8a537c0437f(created@2188726);1ed0f651c6d83437fd2746a70603e1a7b62b58cb66da9e04cf69a8a537c0437f(spent@2188726)"
"mn_addr_preprod17x86kh66j7n08j9jg8c90stls5064n8tkkvpdvgc2c3zthszktpsxprsw5",18,11,7,2160636,2161245,"0dd3b25a3194a823c6ba7225eed88b76fdf51bd1730f62e77ccd51775fe8ecec(created@2160636);be27ad0897f9dc461f20c5e7ed30fbabd5c763208a93742197c1d4a122ba473c(created@2160672);be27ad0897f9dc461f20c5e7ed30fbabd5c763208a93742197c1d4a122ba473c(spent@2160672);c894636e6ba4dab9e1016d7e979292ffad6a4fa006b8ba436bc278991af3170f(created@2161220);c894636e6ba4dab9e1016d7e979292ffad6a4fa006b8ba436bc278991af3170f(spent@2161220);52c14288a710cb34c5fbcbef50bc3e6378f2a831f492723462a19a6230f2481f(created@2161232);52c14288a710cb34c5fbcbef50bc3e6378f2a831f492723462a19a6230f2481f(created@2161232);52c14288a710cb34c5fbcbef50bc3e6378f2a831f492723462a19a6230f2481f(created@2161232);52c14288a710cb34c5fbcbef50bc3e6378f2a831f492723462a19a6230f2481f(created@2161232);52c14288a710cb34c5fbcbef50bc3e6378f2a831f492723462a19a6230f2481f(spent@2161232);96e3a660f6451ea4048cf819cdee71b1579c407c82803fd393a464131362f1dc(created@2161236);96e3a660f6451ea4048cf819cdee71b1579c407c82803fd393a464131362f1dc(spent@2161236);50f9542a73825b61da2dbb78ef483c2d3378fd25b6b65532d0dce7bbd9bfacec(created@2161239);50f9542a73825b61da2dbb78ef483c2d3378fd25b6b65532d0dce7bbd9bfacec(spent@2161239);8ce12bdb155cd242f97c168861179ab9c1a79077080215c826adc3e3c1d9c893(created@2161242);8ce12bdb155cd242f97c168861179ab9c1a79077080215c826adc3e3c1d9c893(spent@2161242);f92ec75b9e1de6507f37d4e7aa3d19eaa17f012ee5ae4d80387706790b148729(created@2161245);f92ec75b9e1de6507f37d4e7aa3d19eaa17f012ee5ae4d80387706790b148729(spent@2161245)"
"mn_addr_preprod1vdv08rf7s6kcxuc2twg4k29hv3e8yp2x8hhf5k9cw975svdn9t8qzfzfqr",18,8,10,2169254,2169302,"b7ca4c87afd3e160991245b57dda7fb37aede13c82ac4f8010a1cd17a61c9523(created@2169254);b7ca4c87afd3e160991245b57dda7fb37aede13c82ac4f8010a1cd17a61c9523(created@2169254);b7ca4c87afd3e160991245b57dda7fb37aede13c82ac4f8010a1cd17a61c9523(spent@2169254);b7ca4c87afd3e160991245b57dda7fb37aede13c82ac4f8010a1cd17a61c9523(spent@2169254);5d89dd8e79691657d0098221251f029529622c963a5fa9b3e3f7ac3b468768a3(created@2169267);5d89dd8e79691657d0098221251f029529622c963a5fa9b3e3f7ac3b468768a3(created@2169267);5d89dd8e79691657d0098221251f029529622c963a5fa9b3e3f7ac3b468768a3(spent@2169267);5d89dd8e79691657d0098221251f029529622c963a5fa9b3e3f7ac3b468768a3(spent@2169267);e7e36b2a8f1f9f7d010721939148f19a69b64b79a368c8309387bdc08c9d4c19(created@2169287);e7e36b2a8f1f9f7d010721939148f19a69b64b79a368c8309387bdc08c9d4c19(created@2169287);e7e36b2a8f1f9f7d010721939148f19a69b64b79a368c8309387bdc08c9d4c19(spent@2169287);e7e36b2a8f1f9f7d010721939148f19a69b64b79a368c8309387bdc08c9d4c19(spent@2169287);e7e36b2a8f1f9f7d010721939148f19a69b64b79a368c8309387bdc08c9d4c19(spent@2169287);0eeb85b5f48b607d3d44d1365c557cc48a7c0f18f06a5b9c72d00b69d597cbdb(created@2169302);0eeb85b5f48b607d3d44d1365c557cc48a7c0f18f06a5b9c72d00b69d597cbdb(created@2169302);0eeb85b5f48b607d3d44d1365c557cc48a7c0f18f06a5b9c72d00b69d597cbdb(spent@2169302);0eeb85b5f48b607d3d44d1365c557cc48a7c0f18f06a5b9c72d00b69d597cbdb(spent@2169302);0eeb85b5f48b607d3d44d1365c557cc48a7c0f18f06a5b9c72d00b69d597cbdb(spent@2169302)"
"mn_addr_preprod1hutywaqh2xrsxg5t92q735f3ylrqf0z2drkgm0nv9px4rzwzkxzqnmcah0",17,11,6,2155132,2179409,"5e5746553855c448ddcf8e30fd4ed7f55d3d7773a3a95fd86ae82e80b9fa014b(created@2155132);5aedf6fbbaadf0c70ae4108b44fd8141ef1c8338a875a881c75fdef8181a1537(created@2166393);8c06c615390f34294c3e224001858c7a9a2afd6bec2f2b689cf584729f461c32(created@2168610);8c06c615390f34294c3e224001858c7a9a2afd6bec2f2b689cf584729f461c32(created@2168610);8c06c615390f34294c3e224001858c7a9a2afd6bec2f2b689cf584729f461c32(spent@2168610);8c06c615390f34294c3e224001858c7a9a2afd6bec2f2b689cf584729f461c32(spent@2168610);327edd8105dc5503358fe5ced6bee884bfbed5d2b0c30bab03028b14ee3a3f56(created@2168617);327edd8105dc5503358fe5ced6bee884bfbed5d2b0c30bab03028b14ee3a3f56(spent@2168617);1dcb2d97ebb8e40c2192d07aa3b3878689412a42b1c0eac158e298a8a06ae4b3(created@2168686);9dbf8734890bfbf3f8cd362e7e0839784c6b73982883577174fb6ae7b32a7051(created@2168730);f64355f59368e7ca5a09eea6f5cbaadc27801fe9d2a1953948c46d7e6fdba540(created@2173752);0d7b18fd9d43aabba2c6cbd22ecf3e63a400d9e12df346f45b480c81b4ef8e5b(created@2179169);9ca00c7b0a5bd77cc9d8cf2a267f371f71e67571e18768cce7dc4a8f99c346bf(created@2179376);9ca00c7b0a5bd77cc9d8cf2a267f371f71e67571e18768cce7dc4a8f99c346bf(spent@2179376);9ca00c7b0a5bd77cc9d8cf2a267f371f71e67571e18768cce7dc4a8f99c346bf(spent@2179376);9ca00c7b0a5bd77cc9d8cf2a267f371f71e67571e18768cce7dc4a8f99c346bf(spent@2179376);6c029f1fcbf45bf00fc0fa1cb469415d1df2ecbd97c4576e35f9790abcd2d4ce(created@2179409)"
"mn_addr_preprod1uvmd6ng4wnczx7qey406jtkg2gvghzfedgft09nx40faerv37auq2lfpa8",17,10,7,2196702,2196747,"4c9d868f02845925b97852d7b1447c519aad1169b028087bb075cf6853dc2293(created@2196702);4c9d868f02845925b97852d7b1447c519aad1169b028087bb075cf6853dc2293(created@2196702);4c9d868f02845925b97852d7b1447c519aad1169b028087bb075cf6853dc2293(spent@2196702);689dcb46487a82042f59b183cbd4f98085861ba53b8d12c4d3625f623fcf8040(created@2196717);689dcb46487a82042f59b183cbd4f98085861ba53b8d12c4d3625f623fcf8040(created@2196717);689dcb46487a82042f59b183cbd4f98085861ba53b8d12c4d3625f623fcf8040(spent@2196717);689dcb46487a82042f59b183cbd4f98085861ba53b8d12c4d3625f623fcf8040(spent@2196717);689dcb46487a82042f59b183cbd4f98085861ba53b8d12c4d3625f623fcf8040(spent@2196717);689dcb46487a82042f59b183cbd4f98085861ba53b8d12c4d3625f623fcf8040(spent@2196717);63aad622f22369f46035c47568450830cbcd0c7be84ef81dca66affcf0db91df(created@2196729);63aad622f22369f46035c47568450830cbcd0c7be84ef81dca66affcf0db91df(created@2196729);63aad622f22369f46035c47568450830cbcd0c7be84ef81dca66affcf0db91df(spent@2196729);63aad622f22369f46035c47568450830cbcd0c7be84ef81dca66affcf0db91df(spent@2196729);03e3073a02a870f809428484366cbc860fd06ea674fc6bd452e2dff4376f06a2(created@2196738);03e3073a02a870f809428484366cbc860fd06ea674fc6bd452e2dff4376f06a2(created@2196738);023226de937363c8726d299c1982b398748fff30f7bf8b84bd0979c2fda228b6(created@2196747);023226de937363c8726d299c1982b398748fff30f7bf8b84bd0979c2fda228b6(created@2196747)"
"mn_addr_preprod1wwdm9mkfn3e4uz2cy79n7lj9zh7vqjl5ldnl79l2aecvddwu0wmq9jteh8",16,6,10,2169324,2169349,"3f196f2878cb2226a953f3a92852c7860c736235b9dcd05428497f2bf047799e(created@2169324);3f196f2878cb2226a953f3a92852c7860c736235b9dcd05428497f2bf047799e(created@2169324);3f196f2878cb2226a953f3a92852c7860c736235b9dcd05428497f2bf047799e(spent@2169324);3f196f2878cb2226a953f3a92852c7860c736235b9dcd05428497f2bf047799e(spent@2169324);3f196f2878cb2226a953f3a92852c7860c736235b9dcd05428497f2bf047799e(spent@2169324);bf0ad83b7426c50993fb6ccefe5479251f30ed24057532697b20c45628ea71bb(created@2169337);bf0ad83b7426c50993fb6ccefe5479251f30ed24057532697b20c45628ea71bb(created@2169337);bf0ad83b7426c50993fb6ccefe5479251f30ed24057532697b20c45628ea71bb(spent@2169337);bf0ad83b7426c50993fb6ccefe5479251f30ed24057532697b20c45628ea71bb(spent@2169337);bf0ad83b7426c50993fb6ccefe5479251f30ed24057532697b20c45628ea71bb(spent@2169337);bf0ad83b7426c50993fb6ccefe5479251f30ed24057532697b20c45628ea71bb(spent@2169337);7478e94b872563353a4a0040b767e2c79c9e1786e77e9a0acaa473a2f7a022c7(created@2169349);7478e94b872563353a4a0040b767e2c79c9e1786e77e9a0acaa473a2f7a022c7(created@2169349);7478e94b872563353a4a0040b767e2c79c9e1786e77e9a0acaa473a2f7a022c7(spent@2169349);7478e94b872563353a4a0040b767e2c79c9e1786e77e9a0acaa473a2f7a022c7(spent@2169349);7478e94b872563353a4a0040b767e2c79c9e1786e77e9a0acaa473a2f7a022c7(spent@2169349)"
"mn_addr_preprod17edm3edrk86yzya2cr9gxad495g34jxansry65lgypur54xcl8jq6feev3",16,8,8,2169516,2199132,"336c7bffa760d081a3801190fd68413759af79cca8a5d441dfecfb72f799c560(created@2169516);336c7bffa760d081a3801190fd68413759af79cca8a5d441dfecfb72f799c560(created@2169516);336c7bffa760d081a3801190fd68413759af79cca8a5d441dfecfb72f799c560(spent@2169516);336c7bffa760d081a3801190fd68413759af79cca8a5d441dfecfb72f799c560(spent@2169516);a719192c5b653659e27687477c06b15f1d73fe762fccdb5acb9941fa97e8b35a(created@2169539);a719192c5b653659e27687477c06b15f1d73fe762fccdb5acb9941fa97e8b35a(created@2169539);a719192c5b653659e27687477c06b15f1d73fe762fccdb5acb9941fa97e8b35a(spent@2169539);a719192c5b653659e27687477c06b15f1d73fe762fccdb5acb9941fa97e8b35a(spent@2169539);c22873955e2c4e8d94159621c9bde34ce253d7adb783302f482c1e0c15a69c7e(created@2198587);c22873955e2c4e8d94159621c9bde34ce253d7adb783302f482c1e0c15a69c7e(created@2198587);c22873955e2c4e8d94159621c9bde34ce253d7adb783302f482c1e0c15a69c7e(spent@2198587);c22873955e2c4e8d94159621c9bde34ce253d7adb783302f482c1e0c15a69c7e(spent@2198587);2f7fe6a99f88e05585df1e785669cb3eb90e07151cab50a700aae1898638837e(created@2199132);2f7fe6a99f88e05585df1e785669cb3eb90e07151cab50a700aae1898638837e(created@2199132);2f7fe6a99f88e05585df1e785669cb3eb90e07151cab50a700aae1898638837e(spent@2199132);2f7fe6a99f88e05585df1e785669cb3eb90e07151cab50a700aae1898638837e(spent@2199132)"
"mn_addr_preprod1pv5t7gcgygv53hxekrft4mtgm8gxpnzpd4slugesff26428y7elsjs4vfz",15,6,9,2167113,2167177,"0621175057a8fd22b873180afc4408375cb2f883694819ff821680bf56f5f4f3(created@2167113);0621175057a8fd22b873180afc4408375cb2f883694819ff821680bf56f5f4f3(created@2167113);0621175057a8fd22b873180afc4408375cb2f883694819ff821680bf56f5f4f3(spent@2167113);0621175057a8fd22b873180afc4408375cb2f883694819ff821680bf56f5f4f3(spent@2167113);0621175057a8fd22b873180afc4408375cb2f883694819ff821680bf56f5f4f3(spent@2167113);0621175057a8fd22b873180afc4408375cb2f883694819ff821680bf56f5f4f3(spent@2167113);d296b9e6dc5c45517cbcfa84d459fd080ff17f257b52e52299ab44879600ce73(created@2167138);d296b9e6dc5c45517cbcfa84d459fd080ff17f257b52e52299ab44879600ce73(created@2167138);d296b9e6dc5c45517cbcfa84d459fd080ff17f257b52e52299ab44879600ce73(spent@2167138);d296b9e6dc5c45517cbcfa84d459fd080ff17f257b52e52299ab44879600ce73(spent@2167138);974071954930af9a2ac459c4ab33097849d50d44330ed27e56475bb88336165e(created@2167177);974071954930af9a2ac459c4ab33097849d50d44330ed27e56475bb88336165e(created@2167177);974071954930af9a2ac459c4ab33097849d50d44330ed27e56475bb88336165e(spent@2167177);974071954930af9a2ac459c4ab33097849d50d44330ed27e56475bb88336165e(spent@2167177);974071954930af9a2ac459c4ab33097849d50d44330ed27e56475bb88336165e(spent@2167177)"
"mn_addr_preprod1dkhagddxx2fdn9z7yg2p92rca7uwavcgltnyxnhr5p3zevlwqlcqltup0h",15,8,7,2172910,2173352,"4177d3bbe997dd26ab7493a16091e71d9c5a4453fcd71869589120728dc6f1ea(created@2172910);f504e1d89c2810be65bec929d386f59c796b42e9793ec9f348350e2b488db2d5(created@2172917);f504e1d89c2810be65bec929d386f59c796b42e9793ec9f348350e2b488db2d5(spent@2172917);6396849d57a1539404925a64c7d5f9dbab354cf6c97fbadbe2da84686a3aaa89(created@2173200);6396849d57a1539404925a64c7d5f9dbab354cf6c97fbadbe2da84686a3aaa89(created@2173200);6396849d57a1539404925a64c7d5f9dbab354cf6c97fbadbe2da84686a3aaa89(spent@2173200);e40d421dee4522bef62ed7531b2ed1054e120677de9c1c01f7c1a4c79042b8f7(created@2173207);e40d421dee4522bef62ed7531b2ed1054e120677de9c1c01f7c1a4c79042b8f7(spent@2173207);e40d421dee4522bef62ed7531b2ed1054e120677de9c1c01f7c1a4c79042b8f7(spent@2173207);1471b84b4c9a68b109835209961b6b7b47e8690c36529eca1d18161aca664e40(created@2173345);1471b84b4c9a68b109835209961b6b7b47e8690c36529eca1d18161aca664e40(created@2173345);1471b84b4c9a68b109835209961b6b7b47e8690c36529eca1d18161aca664e40(spent@2173345);68c9a6bce3ed9e3485ca357490ff53383f3bb8c6acaa77e4ccbf21726e59ea30(created@2173352);68c9a6bce3ed9e3485ca357490ff53383f3bb8c6acaa77e4ccbf21726e59ea30(spent@2173352);68c9a6bce3ed9e3485ca357490ff53383f3bb8c6acaa77e4ccbf21726e59ea30(spent@2173352)"
"mn_addr_preprod1m3f6avahqt47cjaqpua2j5tm7vxrkv5lsy0ylk77hp3m2qrtxsjs7lwppp",15,8,7,2182766,2197593,"d83b389f6a76863eeed62e243be8c3024d615a1987a82487f813b65b66c7f954(created@2182766);d83b389f6a76863eeed62e243be8c3024d615a1987a82487f813b65b66c7f954(created@2182766);d83b389f6a76863eeed62e243be8c3024d615a1987a82487f813b65b66c7f954(spent@2182766);d83b389f6a76863eeed62e243be8c3024d615a1987a82487f813b65b66c7f954(spent@2182766);fcc4be5635233a873921a1e6ffcacb78489013e2649a7ad1a5c2f458d63ae2cc(created@2182784);fcc4be5635233a873921a1e6ffcacb78489013e2649a7ad1a5c2f458d63ae2cc(created@2182784);fcc4be5635233a873921a1e6ffcacb78489013e2649a7ad1a5c2f458d63ae2cc(spent@2182784);fcc4be5635233a873921a1e6ffcacb78489013e2649a7ad1a5c2f458d63ae2cc(spent@2182784);fcc4be5635233a873921a1e6ffcacb78489013e2649a7ad1a5c2f458d63ae2cc(spent@2182784);064a18298252fd3593691dcd8366b38658066eb54832d9ec1baa2a44c1f82303(created@2197564);064a18298252fd3593691dcd8366b38658066eb54832d9ec1baa2a44c1f82303(created@2197564);064a18298252fd3593691dcd8366b38658066eb54832d9ec1baa2a44c1f82303(spent@2197564);064a18298252fd3593691dcd8366b38658066eb54832d9ec1baa2a44c1f82303(spent@2197564);7eaf76957038b7e7e1b85f15f22df16c64b09f80f2ce61c138570f6a29d8645c(created@2197593);7eaf76957038b7e7e1b85f15f22df16c64b09f80f2ce61c138570f6a29d8645c(created@2197593)"
"mn_addr_preprod15e7ymucmzratfmuuzw7jhkwh53yvghmtzsa34af8xveuwedgj8xq8apauf",15,6,9,2196102,2196146,"1f59fd34c5e48ec23c0e99dbf2980809bbf0433ed6feece8a837ddac7b0c9a3d(created@2196102);1f59fd34c5e48ec23c0e99dbf2980809bbf0433ed6feece8a837ddac7b0c9a3d(created@2196102);1f59fd34c5e48ec23c0e99dbf2980809bbf0433ed6feece8a837ddac7b0c9a3d(spent@2196102);1f59fd34c5e48ec23c0e99dbf2980809bbf0433ed6feece8a837ddac7b0c9a3d(spent@2196102);1f59fd34c5e48ec23c0e99dbf2980809bbf0433ed6feece8a837ddac7b0c9a3d(spent@2196102);1f59fd34c5e48ec23c0e99dbf2980809bbf0433ed6feece8a837ddac7b0c9a3d(spent@2196102);1f59fd34c5e48ec23c0e99dbf2980809bbf0433ed6feece8a837ddac7b0c9a3d(spent@2196102);1f59fd34c5e48ec23c0e99dbf2980809bbf0433ed6feece8a837ddac7b0c9a3d(spent@2196102);a1ba116e6556f40dd1341e8f8444ce9e9b168b00e7a7a5ce14fca81be20d6a76(created@2196131);a1ba116e6556f40dd1341e8f8444ce9e9b168b00e7a7a5ce14fca81be20d6a76(created@2196131);a1ba116e6556f40dd1341e8f8444ce9e9b168b00e7a7a5ce14fca81be20d6a76(spent@2196131);a1ba116e6556f40dd1341e8f8444ce9e9b168b00e7a7a5ce14fca81be20d6a76(spent@2196131);a1ba116e6556f40dd1341e8f8444ce9e9b168b00e7a7a5ce14fca81be20d6a76(spent@2196131);f3692a59d3fc0428994ae2a91668476464512568d79ef0744ceda45b660bafab(created@2196146);f3692a59d3fc0428994ae2a91668476464512568d79ef0744ceda45b660bafab(created@2196146)"
"mn_addr_preprod1p5jf6tgungqtqw82s26puv5jk7epfmfwpzq6td8a4t84jmtwktyqukjjvx",14,7,7,2154468,2197182,"2987576b00f50704dd7f1e6bec62023ff7d3cfaa06d471f69c1c64a4dd6aaba3(created@2154468);2987576b00f50704dd7f1e6bec62023ff7d3cfaa06d471f69c1c64a4dd6aaba3(spent@2154468);4bb802b96f89ce5f1a49e06807a9a9b9dfc4ef1aa2248263657741aa0fa4bc6c(created@2166897);4bb802b96f89ce5f1a49e06807a9a9b9dfc4ef1aa2248263657741aa0fa4bc6c(spent@2166897);2f2f571a86a9a55c86694fe5cb3796a62d8dc141451ef401e18c7ff090d10fef(created@2168184);2f2f571a86a9a55c86694fe5cb3796a62d8dc141451ef401e18c7ff090d10fef(spent@2168184);82a78b0c93ec3ccc0e8f81927be90360c2a4e7722ca01f2984e1a7c8d7085c41(created@2169442);82a78b0c93ec3ccc0e8f81927be90360c2a4e7722ca01f2984e1a7c8d7085c41(spent@2169442);989b3558739cda4dc530cc2fb75cb52cdb763f41c53e41a75b7f1391867e2252(created@2183176);989b3558739cda4dc530cc2fb75cb52cdb763f41c53e41a75b7f1391867e2252(spent@2183176);9f007672e1b141bf690fab84f42755a33f1b63612c597d868595d561adbbe97f(created@2195898);9f007672e1b141bf690fab84f42755a33f1b63612c597d868595d561adbbe97f(spent@2195898);2134e3143a54f2293055c71ac0f2e030454f066b249926ae1cfed1c97505462f(created@2197182);2134e3143a54f2293055c71ac0f2e030454f066b249926ae1cfed1c97505462f(spent@2197182)"
"mn_addr_preprod1yeteldt4nfk4pwk03twkw78wrt2m0d9gn82vscgvge09t3nc8wtq8aq9m8",14,8,6,2197014,2197075,"16cf985089b3d341ed2855ee37345bfdb949fb348a2b8615b227db862d5beae2(created@2197014);16cf985089b3d341ed2855ee37345bfdb949fb348a2b8615b227db862d5beae2(created@2197014);16cf985089b3d341ed2855ee37345bfdb949fb348a2b8615b227db862d5beae2(spent@2197014);04df7551a5a3bac468c5983d02e08e2d098592188ebe7568998ec3c09d068d7a(created@2197032);04df7551a5a3bac468c5983d02e08e2d098592188ebe7568998ec3c09d068d7a(created@2197032);04df7551a5a3bac468c5983d02e08e2d098592188ebe7568998ec3c09d068d7a(spent@2197032);04df7551a5a3bac468c5983d02e08e2d098592188ebe7568998ec3c09d068d7a(spent@2197032);04df7551a5a3bac468c5983d02e08e2d098592188ebe7568998ec3c09d068d7a(spent@2197032);04df7551a5a3bac468c5983d02e08e2d098592188ebe7568998ec3c09d068d7a(spent@2197032);04df7551a5a3bac468c5983d02e08e2d098592188ebe7568998ec3c09d068d7a(spent@2197032);181e39aaac0036a738e467414981736f38a032ad9f75be1ec3d80c0cbf2291f3(created@2197056);181e39aaac0036a738e467414981736f38a032ad9f75be1ec3d80c0cbf2291f3(created@2197056);216965f5ea9e7305ac67b8f3a991245b38a997ed51d8baf658ad86c67d120829(created@2197075);216965f5ea9e7305ac67b8f3a991245b38a997ed51d8baf658ad86c67d120829(created@2197075)"
"mn_addr_preprod18f5kr6fhj2fpv0npkpfz2wccde6w8q9lak88cnuk0apykl32q6xs9mezc7",13,8,5,2160884,2161829,"20dea556f4b0386206834fb20f031f8b395e57a71864de5816152383ff7f3728(created@2160884);20dea556f4b0386206834fb20f031f8b395e57a71864de5816152383ff7f3728(created@2160884);20dea556f4b0386206834fb20f031f8b395e57a71864de5816152383ff7f3728(spent@2160884);1e8342a8371c623d9e672bae5abc2dfb6e18f86d4f476e0dfb319e79acf1aa70(created@2160973);1e8342a8371c623d9e672bae5abc2dfb6e18f86d4f476e0dfb319e79acf1aa70(created@2160973);1e8342a8371c623d9e672bae5abc2dfb6e18f86d4f476e0dfb319e79acf1aa70(spent@2160973);6ad71bb19cd01ce95a0ba0e620170c909baab0e05401369e5ac979761061a874(created@2161265);6ad71bb19cd01ce95a0ba0e620170c909baab0e05401369e5ac979761061a874(spent@2161265);d630ad3189a8b05eed334db34aff1f22986d22ed59eba90cde9f3aa581a2a318(created@2161756);d630ad3189a8b05eed334db34aff1f22986d22ed59eba90cde9f3aa581a2a318(created@2161756);d630ad3189a8b05eed334db34aff1f22986d22ed59eba90cde9f3aa581a2a318(spent@2161756);f6bc67003cee97904103ca996d988de6e21ff43f734ff18077d65c54653d5066(created@2161829);f6bc67003cee97904103ca996d988de6e21ff43f734ff18077d65c54653d5066(spent@2161829)"
"mn_addr_preprod1dutvpmxcge5gg20grpaxzq0lyqnpl0nfc4jdccymv28hugt6ehdsj2vqzv",13,8,5,2167019,2167132,"a240364af64647381718d68396bee86d4ed1d8df9c91a7349f550d083b066663(created@2167019);a240364af64647381718d68396bee86d4ed1d8df9c91a7349f550d083b066663(created@2167019);a240364af64647381718d68396bee86d4ed1d8df9c91a7349f550d083b066663(spent@2167019);4ceec3e8b006f492ba831e54526f08e6f8fd6bc39ffd75439ba453c1d217c8ba(created@2167101);4ceec3e8b006f492ba831e54526f08e6f8fd6bc39ffd75439ba453c1d217c8ba(created@2167101);4ceec3e8b006f492ba831e54526f08e6f8fd6bc39ffd75439ba453c1d217c8ba(spent@2167101);cf46367a1e6c990db72564ea4655d8e527a90eefd20b7ede9c626d1b780e63ed(created@2167121);cf46367a1e6c990db72564ea4655d8e527a90eefd20b7ede9c626d1b780e63ed(created@2167121);cf46367a1e6c990db72564ea4655d8e527a90eefd20b7ede9c626d1b780e63ed(spent@2167121);cf46367a1e6c990db72564ea4655d8e527a90eefd20b7ede9c626d1b780e63ed(spent@2167121);cf46367a1e6c990db72564ea4655d8e527a90eefd20b7ede9c626d1b780e63ed(spent@2167121);75cfa31453b1912f3bb0db0edb8511087bdbf5a9f8bb4cc78a340b96e0b5df1f(created@2167132);75cfa31453b1912f3bb0db0edb8511087bdbf5a9f8bb4cc78a340b96e0b5df1f(created@2167132)"
"mn_addr_preprod1mhujm76g6cfdqxjweallw7f9cgpr3etn6u8zavvt4ct6t9k7tqus0t749f",13,6,7,2182937,2183052,"68f0b6280746ea7275ea8c0cc5e99935f328381bffb51dbf480268647d4d4238(created@2182937);68f0b6280746ea7275ea8c0cc5e99935f328381bffb51dbf480268647d4d4238(created@2182937);68f0b6280746ea7275ea8c0cc5e99935f328381bffb51dbf480268647d4d4238(spent@2182937);68f0b6280746ea7275ea8c0cc5e99935f328381bffb51dbf480268647d4d4238(spent@2182937);68f0b6280746ea7275ea8c0cc5e99935f328381bffb51dbf480268647d4d4238(spent@2182937);7971c6447bbdf727713638d8edba184d79e781c83c6cf8617e9c65225f97564e(created@2183038);7971c6447bbdf727713638d8edba184d79e781c83c6cf8617e9c65225f97564e(created@2183038);7971c6447bbdf727713638d8edba184d79e781c83c6cf8617e9c65225f97564e(spent@2183038);7971c6447bbdf727713638d8edba184d79e781c83c6cf8617e9c65225f97564e(spent@2183038);7971c6447bbdf727713638d8edba184d79e781c83c6cf8617e9c65225f97564e(spent@2183038);7971c6447bbdf727713638d8edba184d79e781c83c6cf8617e9c65225f97564e(spent@2183038);fb1afa3199377faed961d99f77ff06570a285790c7af177fd7de2caf85a2af16(created@2183052);fb1afa3199377faed961d99f77ff06570a285790c7af177fd7de2caf85a2af16(created@2183052)"
"mn_addr_preprod14taagv9n9cgjfeejegdnezrjur2hhvdgrlsfgtpt3dgug3qh0xlqgf883r",12,9,3,2159617,2188710,"863132cd4a9db1f040c9fc16a2a1bd3ecce85d0437895e882a460897570b3417(created@2159617);ea077ab9d763b0bae0d18f61a0c2ef3512042132b3ae40d78533f1eb5b3516b2(created@2174148);f64a86558e22bdfb6f5c5df511fdcff21fc4407d09e9a0c22657b01542cc227b(created@2184301);f64a86558e22bdfb6f5c5df511fdcff21fc4407d09e9a0c22657b01542cc227b(spent@2184301);eac8e8dd7e06e932948418f49e3be0798c24a437639c9697768c1e39954219c6(created@2184307);eac8e8dd7e06e932948418f49e3be0798c24a437639c9697768c1e39954219c6(created@2184307);dc14351919adc83e5522435b3147943e9fec87a4b936ac966878f0f0910477be(created@2184414);dc14351919adc83e5522435b3147943e9fec87a4b936ac966878f0f0910477be(created@2184414);dc14351919adc83e5522435b3147943e9fec87a4b936ac966878f0f0910477be(spent@2184414);dc14351919adc83e5522435b3147943e9fec87a4b936ac966878f0f0910477be(spent@2184414);5ecacce3ad8848cf63945725236c39e60c17cbd8610902a2d5ce916b600fa549(created@2184416);5847aeedcaee2d7e824ddfe5e43f30240deae36808a6304200a37646e4247f7c(created@2188710)"
"mn_addr_preprod1qlzpehl7gfvn0fa0fknr6ntyq2pxru3wgfvavjkf5zt8qlet8plsggkkvx",12,6,6,2168530,2168644,"809cb698667c4ae84304f81e2d564df8b887a5590503561199917dab34ec202f(created@2168530);809cb698667c4ae84304f81e2d564df8b887a5590503561199917dab34ec202f(created@2168530);809cb698667c4ae84304f81e2d564df8b887a5590503561199917dab34ec202f(spent@2168530);10f6d0093f643cc933d44c3f976cf99fa6646386ac28653e32a5897dc1a14c85(created@2168565);10f6d0093f643cc933d44c3f976cf99fa6646386ac28653e32a5897dc1a14c85(spent@2168565);10f6d0093f643cc933d44c3f976cf99fa6646386ac28653e32a5897dc1a14c85(spent@2168565);4295409d5665a1279d842645d07f756f26df902d3e2d4e13f9e5840c9684139c(created@2168594);4295409d5665a1279d842645d07f756f26df902d3e2d4e13f9e5840c9684139c(spent@2168594);4090a0728b8191136a708461501c0055c58498831c3699ee4ba1a106c37f3072(created@2168644);4090a0728b8191136a708461501c0055c58498831c3699ee4ba1a106c37f3072(created@2168644);4090a0728b8191136a708461501c0055c58498831c3699ee4ba1a106c37f3072(spent@2168644);4090a0728b8191136a708461501c0055c58498831c3699ee4ba1a106c37f3072(spent@2168644)"
"mn_addr_preprod123ahj6szvgg3nf2hull4p7jl33rkzpuaauzkks7ewqnjjtzhd9tqxjk05f",12,7,5,2173239,2173504,"20e229b216b4e9d9ce1e2476906ffa2d776b51cda68d5c7ddca8878ba6329056(created@2173239);20e229b216b4e9d9ce1e2476906ffa2d776b51cda68d5c7ddca8878ba6329056(created@2173239);20e229b216b4e9d9ce1e2476906ffa2d776b51cda68d5c7ddca8878ba6329056(spent@2173239);3000738ab5166276d3a1a1123c9027f6b12382a513399191a5b33a2fdc59577c(created@2173251);3000738ab5166276d3a1a1123c9027f6b12382a513399191a5b33a2fdc59577c(spent@2173251);6c391633a95e0989ca2b64fedfd1883200b78afe8de205d0e6589560c932d900(created@2173262);6c391633a95e0989ca2b64fedfd1883200b78afe8de205d0e6589560c932d900(spent@2173262);8bfac7a33f1da41a4cfa0e6ac077d500f4fb189be88183a2490aa8cb1b0a40bf(spent@2173394);b3aff62357f7f9b897e92fc2d88b58db4d089484f1aa443baf949fb9ff902b8d(created@2173403);b3aff62357f7f9b897e92fc2d88b58db4d089484f1aa443baf949fb9ff902b8d(spent@2173403);3ad5bb2b9e7281657c3eefccba105caa690c1426320f76caa4207287f063b98b(created@2173412);02b8ef812fe50d30e2171a74118658b25f0cd35ddb908f708692aecb5b3a64f1(created@2173504)"
"mn_addr_preprod13gm2r0kxyt52h6zlqwpe3fzp0tldjvk2xkcec6msxjyr2r49hqcsjxcwex",11,6,5,2154782,2199129,"012a34a41a91b219c27cd593cea37cea82ef47f90a450990f4529853a833f599(created@2154782);b6fc20daf3596b9287a426821e321680bb49061ffe2ff82a8fbd9bf64624aa8d(created@2167146);b6fc20daf3596b9287a426821e321680bb49061ffe2ff82a8fbd9bf64624aa8d(created@2167146);b6fc20daf3596b9287a426821e321680bb49061ffe2ff82a8fbd9bf64624aa8d(spent@2167146);b6fc20daf3596b9287a426821e321680bb49061ffe2ff82a8fbd9bf64624aa8d(spent@2167146);b6fc20daf3596b9287a426821e321680bb49061ffe2ff82a8fbd9bf64624aa8d(spent@2167146);b6fc20daf3596b9287a426821e321680bb49061ffe2ff82a8fbd9bf64624aa8d(spent@2167146);b6fc20daf3596b9287a426821e321680bb49061ffe2ff82a8fbd9bf64624aa8d(spent@2167146);f6aa25225affce691e0f6133a055432a43ed39ad4e20f0740ba266677777a83f(created@2167168);f6aa25225affce691e0f6133a055432a43ed39ad4e20f0740ba266677777a83f(created@2167168);c5c052b3fb047a041a99a3c03d8559a8232d4815a52960cc14901f371f166cd1(created@2199129)"
"mn_addr_preprod1fsljce45mxj69dmnw6ezzc5tnd4h72fe9m646vxghr93j9z4p9hqcrc24m",11,6,5,2177254,2181940,"aa52ce4c2776ba738a9db89bc01610fb6a5f0e9d9bf65707c0d145eb4ffbcac6(created@2177254);aa52ce4c2776ba738a9db89bc01610fb6a5f0e9d9bf65707c0d145eb4ffbcac6(spent@2177254);aa52ce4c2776ba738a9db89bc01610fb6a5f0e9d9bf65707c0d145eb4ffbcac6(spent@2177254);e69cf523d29a19998afd77e29499af3d5a0335c12d903b029f30325e51a7f736(created@2177477);d0678d10572d186f6f2b568195dc5cf19307e3c8b5e9bc1dcd0a41e55ce34317(created@2181655);d0678d10572d186f6f2b568195dc5cf19307e3c8b5e9bc1dcd0a41e55ce34317(spent@2181655);d0678d10572d186f6f2b568195dc5cf19307e3c8b5e9bc1dcd0a41e55ce34317(spent@2181655);e4a096e532c08fb569b6c489da139ebed28727e4effc3e8d6c2c226ebfe67489(created@2181704);e4a096e532c08fb569b6c489da139ebed28727e4effc3e8d6c2c226ebfe67489(spent@2181704);484308a1912f66abbd99c0ec3dc7199df3fbce0a25015f863d727322e8d85494(created@2181931);33e813b49c4a7668c36a75eba69d11efca262051d41641d1865bf90eb1f6ca7c(created@2181940)"
"mn_addr_preprod10kf9c9qredjyhh2vzkppmq7yc7czrpgl4rflzfqhm409mwuwy63ql4hu7r",11,4,7,2182222,2182281,"981ef9ded75b5a1e5c72989e176a66fca3656502671b607b3bc914cc7642fd93(created@2182222);981ef9ded75b5a1e5c72989e176a66fca3656502671b607b3bc914cc7642fd93(created@2182222);981ef9ded75b5a1e5c72989e176a66fca3656502671b607b3bc914cc7642fd93(spent@2182222);981ef9ded75b5a1e5c72989e176a66fca3656502671b607b3bc914cc7642fd93(spent@2182222);9f51485fa8f2629a6dfe088771909b70ea02718630e60db41baa293bf27e0405(created@2182281);9f51485fa8f2629a6dfe088771909b70ea02718630e60db41baa293bf27e0405(created@2182281);9f51485fa8f2629a6dfe088771909b70ea02718630e60db41baa293bf27e0405(spent@2182281);9f51485fa8f2629a6dfe088771909b70ea02718630e60db41baa293bf27e0405(spent@2182281);9f51485fa8f2629a6dfe088771909b70ea02718630e60db41baa293bf27e0405(spent@2182281);9f51485fa8f2629a6dfe088771909b70ea02718630e60db41baa293bf27e0405(spent@2182281);9f51485fa8f2629a6dfe088771909b70ea02718630e60db41baa293bf27e0405(spent@2182281)"
"mn_addr_preprod1c366q34mw9qq6tv4mvzhad846jyka3we4wqk3m55mtsz2x8nfhnsa7akyf",10,6,4,2168617,2179409,"327edd8105dc5503358fe5ced6bee884bfbed5d2b0c30bab03028b14ee3a3f56(created@2168617);a978983b586bde1018b907982d738292c71d84060d7d4a232ebbb383e8ec1474(created@2173422);a978983b586bde1018b907982d738292c71d84060d7d4a232ebbb383e8ec1474(spent@2173422);8eec41d5220fa1d128df569f859b96e68335eca7da1a1600f19c995d631ae6d2(created@2173742);8eec41d5220fa1d128df569f859b96e68335eca7da1a1600f19c995d631ae6d2(spent@2173742);93b2e846fe5b42575919489c8f033c9dd1540ff4e6ab5972d100a581ed6649b1(created@2179159);93b2e846fe5b42575919489c8f033c9dd1540ff4e6ab5972d100a581ed6649b1(spent@2179159);6c029f1fcbf45bf00fc0fa1cb469415d1df2ecbd97c4576e35f9790abcd2d4ce(created@2179409);6c029f1fcbf45bf00fc0fa1cb469415d1df2ecbd97c4576e35f9790abcd2d4ce(created@2179409);6c029f1fcbf45bf00fc0fa1cb469415d1df2ecbd97c4576e35f9790abcd2d4ce(spent@2179409)"
"mn_addr_preprod1aa3kpdk5cvah9lkpn7mzl5uvcwd6v7w9y8y3pzcpmr96ahngpgpsmy8gr3",10,4,6,2169371,2169405,"feac299fa0054fcab343432d1dff8cb33adde49b029f516877cdf183154f5a1a(created@2169371);feac299fa0054fcab343432d1dff8cb33adde49b029f516877cdf183154f5a1a(created@2169371);feac299fa0054fcab343432d1dff8cb33adde49b029f516877cdf183154f5a1a(spent@2169371);feac299fa0054fcab343432d1dff8cb33adde49b029f516877cdf183154f5a1a(spent@2169371);079adca1feb45157a467676effaae7b196f632cc808d9197531f12fac9936fcb(created@2169405);079adca1feb45157a467676effaae7b196f632cc808d9197531f12fac9936fcb(created@2169405);079adca1feb45157a467676effaae7b196f632cc808d9197531f12fac9936fcb(spent@2169405);079adca1feb45157a467676effaae7b196f632cc808d9197531f12fac9936fcb(spent@2169405);079adca1feb45157a467676effaae7b196f632cc808d9197531f12fac9936fcb(spent@2169405);079adca1feb45157a467676effaae7b196f632cc808d9197531f12fac9936fcb(spent@2169405)"
"mn_addr_preprod15jr5xsp4ev4gng97rqngj3kje9fmthmudu9rydeus9ky3zry4ecquptnkt",10,4,6,2169469,2169487,"c416d1e9eb12ae7f1c1f7fa66726d3f7e9e91917315a4b11c22a0560261e89c7(created@2169469);c416d1e9eb12ae7f1c1f7fa66726d3f7e9e91917315a4b11c22a0560261e89c7(created@2169469);c416d1e9eb12ae7f1c1f7fa66726d3f7e9e91917315a4b11c22a0560261e89c7(spent@2169469);c416d1e9eb12ae7f1c1f7fa66726d3f7e9e91917315a4b11c22a0560261e89c7(spent@2169469);a9d6c14139b21eda7c5dc66add48389942bebec6d8993fa8cf84b76da21a1272(created@2169487);a9d6c14139b21eda7c5dc66add48389942bebec6d8993fa8cf84b76da21a1272(created@2169487);a9d6c14139b21eda7c5dc66add48389942bebec6d8993fa8cf84b76da21a1272(spent@2169487);a9d6c14139b21eda7c5dc66add48389942bebec6d8993fa8cf84b76da21a1272(spent@2169487);a9d6c14139b21eda7c5dc66add48389942bebec6d8993fa8cf84b76da21a1272(spent@2169487);a9d6c14139b21eda7c5dc66add48389942bebec6d8993fa8cf84b76da21a1272(spent@2169487)"
"mn_addr_preprod14lqfn2j904u3ks5edz5djm9hkdf8vscd2evc6u6xf0rq4rgssnhsqungch",10,6,4,2180370,2180421,"0a15a3739efb49bdb11f9af23a4096d7f3374c7a97d929a646132c5be75b2bf4(created@2180370);7a5038966585b9cfcff4fb6c4ad0733d4dc42129a00f8542d53f617d889ecb7a(created@2180381);ae8b4d555dcda3c0731644de6819c402e64949eb31191623227f4aab5a9de23d(created@2180389);8c20380c9588300cb546a5bb830eae0233847ee6d1a07b52285d49d2cede86e6(created@2180395);128abdd20a50678e667edf018a80136ffb89a89637c2a99cf35965c3299274fa(created@2180421);128abdd20a50678e667edf018a80136ffb89a89637c2a99cf35965c3299274fa(created@2180421);128abdd20a50678e667edf018a80136ffb89a89637c2a99cf35965c3299274fa(spent@2180421);128abdd20a50678e667edf018a80136ffb89a89637c2a99cf35965c3299274fa(spent@2180421);128abdd20a50678e667edf018a80136ffb89a89637c2a99cf35965c3299274fa(spent@2180421);128abdd20a50678e667edf018a80136ffb89a89637c2a99cf35965c3299274fa(spent@2180421)"
"mn_addr_preprod1jq9tq8f408dree6tylsxy5q4r4hd2pvt0f4h0tvnj3cwrhve35gs033ugg",10,6,4,2183978,2184171,"ce6b495d893384816875be6de076e12262f6fd9c14dc6a3c69a96b166b4658e0(created@2183978);ce6b495d893384816875be6de076e12262f6fd9c14dc6a3c69a96b166b4658e0(created@2183978);ce6b495d893384816875be6de076e12262f6fd9c14dc6a3c69a96b166b4658e0(spent@2183978);b2e00110664e1023abaa2af050f809990d2cae31a57a18091970519ba743d4ad(created@2184047);b2e00110664e1023abaa2af050f809990d2cae31a57a18091970519ba743d4ad(created@2184047);b2e00110664e1023abaa2af050f809990d2cae31a57a18091970519ba743d4ad(spent@2184047);b2e00110664e1023abaa2af050f809990d2cae31a57a18091970519ba743d4ad(spent@2184047);b2e00110664e1023abaa2af050f809990d2cae31a57a18091970519ba743d4ad(spent@2184047);59697e0abdc7ae6d69b25abf7d7d3a84f72908ce50f7ec6edc83dbd19218d9a3(created@2184171);59697e0abdc7ae6d69b25abf7d7d3a84f72908ce50f7ec6edc83dbd19218d9a3(created@2184171)"
"mn_addr_preprod1q3rn5f6dg45lqtcluerfqwd0wqq68slq9hcxxuf356cdr2pvxyzqrp4zsl",9,4,5,2169433,2169451,"a58104bc85416f72a34dbe203d8cc494f3367bc74b6651b5ab2f8a7321e25d44(created@2169433);a58104bc85416f72a34dbe203d8cc494f3367bc74b6651b5ab2f8a7321e25d44(created@2169433);a58104bc85416f72a34dbe203d8cc494f3367bc74b6651b5ab2f8a7321e25d44(spent@2169433);a58104bc85416f72a34dbe203d8cc494f3367bc74b6651b5ab2f8a7321e25d44(spent@2169433);5e297782e1da43a63f2592e71a2e835263d0c9463e6d0a3acfc7ccb8218be6dd(created@2169451);5e297782e1da43a63f2592e71a2e835263d0c9463e6d0a3acfc7ccb8218be6dd(created@2169451);5e297782e1da43a63f2592e71a2e835263d0c9463e6d0a3acfc7ccb8218be6dd(spent@2169451);5e297782e1da43a63f2592e71a2e835263d0c9463e6d0a3acfc7ccb8218be6dd(spent@2169451);5e297782e1da43a63f2592e71a2e835263d0c9463e6d0a3acfc7ccb8218be6dd(spent@2169451)"
"mn_addr_preprod1elpvqpe34g500a26aw4ce5ya9l93tauquda8y8j7f9e4fyja8slq8urnmj",9,4,5,2184099,2184112,"573db98733b9f419da35d47b2da2b3fe4db7aa31e5fdead6d65c233d9b682759(created@2184099);573db98733b9f419da35d47b2da2b3fe4db7aa31e5fdead6d65c233d9b682759(created@2184099);573db98733b9f419da35d47b2da2b3fe4db7aa31e5fdead6d65c233d9b682759(spent@2184099);573db98733b9f419da35d47b2da2b3fe4db7aa31e5fdead6d65c233d9b682759(spent@2184099);573db98733b9f419da35d47b2da2b3fe4db7aa31e5fdead6d65c233d9b682759(spent@2184099);3ce6ffa2226cdf0de131c07810a8ed604de9cbc29a6f687539a7b09f5fd94784(created@2184112);3ce6ffa2226cdf0de131c07810a8ed604de9cbc29a6f687539a7b09f5fd94784(created@2184112);3ce6ffa2226cdf0de131c07810a8ed604de9cbc29a6f687539a7b09f5fd94784(spent@2184112);3ce6ffa2226cdf0de131c07810a8ed604de9cbc29a6f687539a7b09f5fd94784(spent@2184112)"
"mn_addr_preprod16r2dcuauq46z6nyzpjdsyjvh4hqkjnavff0j4yjzcknmwh63jmqs60tz87",9,6,3,2196554,2196587,"95f8566ae4a7572b1cbec987dcedf35d473ba2e7e0b3967ddc62c2f4d5b9ed2e(created@2196554);95f8566ae4a7572b1cbec987dcedf35d473ba2e7e0b3967ddc62c2f4d5b9ed2e(created@2196554);95f8566ae4a7572b1cbec987dcedf35d473ba2e7e0b3967ddc62c2f4d5b9ed2e(spent@2196554);95f8566ae4a7572b1cbec987dcedf35d473ba2e7e0b3967ddc62c2f4d5b9ed2e(spent@2196554);d04f1040efb59bd45f965ac70f6aa5efefbd70466de77a1347a75dae9a440050(created@2196569);d04f1040efb59bd45f965ac70f6aa5efefbd70466de77a1347a75dae9a440050(created@2196569);d04f1040efb59bd45f965ac70f6aa5efefbd70466de77a1347a75dae9a440050(spent@2196569);be95cc27c8c232bc7d46ed8ce5ae60e2b2cc8a4d7cc3012c9d63773bb347720a(created@2196587);be95cc27c8c232bc7d46ed8ce5ae60e2b2cc8a4d7cc3012c9d63773bb347720a(created@2196587)"
"mn_addr_preprod1uplj7zrp7s805v8cge2mmvxl5afa5wkf5uwfr5dh06swgrwvvq5sps9zl9",9,5,4,2196759,2196781,"bf6666ec6e20a08fec383021ac4102629a44c64eaa30985e6d917c27e02377c9(created@2196759);bf6666ec6e20a08fec383021ac4102629a44c64eaa30985e6d917c27e02377c9(created@2196759);bf6666ec6e20a08fec383021ac4102629a44c64eaa30985e6d917c27e02377c9(spent@2196759);99d52ce40344957a75a167a0aa1cdc9798a3cbe5f8e508939bb5e5ec36db6dd3(created@2196769);99d52ce40344957a75a167a0aa1cdc9798a3cbe5f8e508939bb5e5ec36db6dd3(created@2196769);24a8bb3cdd45e8190bb9a92d9b3062bbb5287eeb6412a4bc5ccacf858d550c37(created@2196781);24a8bb3cdd45e8190bb9a92d9b3062bbb5287eeb6412a4bc5ccacf858d550c37(spent@2196781);24a8bb3cdd45e8190bb9a92d9b3062bbb5287eeb6412a4bc5ccacf858d550c37(spent@2196781);24a8bb3cdd45e8190bb9a92d9b3062bbb5287eeb6412a4bc5ccacf858d550c37(spent@2196781)"
"mn_addr_preprod15tymsaj9xq37q92lyt2wscgvknpkgg2v79qdt9de6jdhqsv3jjkqhfkqve",8,4,4,2167885,2167945,"08cfa85b5eab1cee3ffc15253d03b4bf5dbae147da8378a780161d3e9888b392(created@2167885);08cfa85b5eab1cee3ffc15253d03b4bf5dbae147da8378a780161d3e9888b392(created@2167885);08cfa85b5eab1cee3ffc15253d03b4bf5dbae147da8378a780161d3e9888b392(spent@2167885);61f269be9ed6cc1ba4062a37f256bc2e2df4a160c68ac382ae469aebde499aea(created@2167916);61f269be9ed6cc1ba4062a37f256bc2e2df4a160c68ac382ae469aebde499aea(spent@2167916);71a1a12ca321a0375cf7be88306e5c4211fec55e2405a5f4be264d8bb1535489(created@2167945);71a1a12ca321a0375cf7be88306e5c4211fec55e2405a5f4be264d8bb1535489(spent@2167945);71a1a12ca321a0375cf7be88306e5c4211fec55e2405a5f4be264d8bb1535489(spent@2167945)"
"mn_addr_preprod16qtpyvyaksl7s7d88h9ktz0s2e5f8epev2unetyrld2knh3qyqfslymqhl",8,4,4,2182899,2182923,"f5cfcebd635e03624c64c1bad23d6aee74df7e177d154fa2a2b5bf7650a0aa28(created@2182899);f5cfcebd635e03624c64c1bad23d6aee74df7e177d154fa2a2b5bf7650a0aa28(created@2182899);f5cfcebd635e03624c64c1bad23d6aee74df7e177d154fa2a2b5bf7650a0aa28(spent@2182899);f5cfcebd635e03624c64c1bad23d6aee74df7e177d154fa2a2b5bf7650a0aa28(spent@2182899);33f6f129d5f5a99db85e771e5de6d3669d13cc8ba21f7f75c79da3db767256e1(created@2182923);33f6f129d5f5a99db85e771e5de6d3669d13cc8ba21f7f75c79da3db767256e1(created@2182923);33f6f129d5f5a99db85e771e5de6d3669d13cc8ba21f7f75c79da3db767256e1(spent@2182923);33f6f129d5f5a99db85e771e5de6d3669d13cc8ba21f7f75c79da3db767256e1(spent@2182923)"
"mn_addr_preprod12mjgq939agnsj7vd0j66kn99ved83t8wfxn625njjnhy6rznr7tssu77sa",8,4,4,2183049,2183115,"2a25aa266bd49ab2d19c2ddbfabcbb790c20926914cb2fa28f9b59a59c708455(created@2183049);2a25aa266bd49ab2d19c2ddbfabcbb790c20926914cb2fa28f9b59a59c708455(created@2183049);2a25aa266bd49ab2d19c2ddbfabcbb790c20926914cb2fa28f9b59a59c708455(spent@2183049);d4331dd5feeb56f311288ca8a7080d10432a03271d67fb877ff6781ef0dc7cfe(created@2183086);d4331dd5feeb56f311288ca8a7080d10432a03271d67fb877ff6781ef0dc7cfe(spent@2183086);84eeb1b10e83a045ff5d33982ec8b1a81b874ce369e5df23e34ebedeca311bdf(created@2183115);84eeb1b10e83a045ff5d33982ec8b1a81b874ce369e5df23e34ebedeca311bdf(spent@2183115);84eeb1b10e83a045ff5d33982ec8b1a81b874ce369e5df23e34ebedeca311bdf(spent@2183115)"
"mn_addr_preprod1k2jwv378q44wuld2v0hkvwd0yrcf07nktkv9xefn44awpalkffhqnz53gu",7,3,4,2168098,2168131,"0aaf8f4fff05b95f32e3ba9afc2e7f7a1395234036f727aa4bcd5dbced5496df(created@2168098);0aaf8f4fff05b95f32e3ba9afc2e7f7a1395234036f727aa4bcd5dbced5496df(spent@2168098);840e8c70586543cf463df02bfcb8ef7ed6f730a6f162057c34b0b170f6a395fb(created@2168131);840e8c70586543cf463df02bfcb8ef7ed6f730a6f162057c34b0b170f6a395fb(created@2168131);840e8c70586543cf463df02bfcb8ef7ed6f730a6f162057c34b0b170f6a395fb(spent@2168131);840e8c70586543cf463df02bfcb8ef7ed6f730a6f162057c34b0b170f6a395fb(spent@2168131);840e8c70586543cf463df02bfcb8ef7ed6f730a6f162057c34b0b170f6a395fb(spent@2168131)"
"mn_addr_preprod1m7d8lgrcenuhaqsel3tr4ycx8zfefm5d8dd62fw56uz7el4jv67s9telax",7,4,3,2177258,2181888,"6a49930996a4741ce6c2b4c9a0993bc7cbb9a561d4d48c88eb25cc54c8eebfe7(created@2177258);6a49930996a4741ce6c2b4c9a0993bc7cbb9a561d4d48c88eb25cc54c8eebfe7(spent@2177258);9cdbc4539b46184affc75812bcca1ce1da4ef22357a4926ba395f52c05a2fe20(created@2177519);be3c7cce5eb650ebc3925ca2c0b37ddd27c1ee15c64e6d267f26d125b14f5442(created@2181655);be3c7cce5eb650ebc3925ca2c0b37ddd27c1ee15c64e6d267f26d125b14f5442(spent@2181655);be3c7cce5eb650ebc3925ca2c0b37ddd27c1ee15c64e6d267f26d125b14f5442(spent@2181655);5553e9af4cb2d562f2b0ab067eb7a8b5767d5d5dd2e6d300e35c7fdc619436f3(created@2181888)"
"mn_addr_preprod1qlzf6h6zjhyms2p3y4vu5p278zqkqqaqk9nualrndghgxywseres5hth5u",7,5,2,2182980,2195395,"6cb60c12b0e1debfc0ab901820a454f9d48b52d289391d8c09de0776513633be(created@2182980);2487842bfc5bd255e6235d40746856ea431f3ce624b1b7fda1968a49177f37e2(created@2183342);f752a51ec5f22331892a90c44239ec455704b6358d4b32d8a509f71e83345cf6(created@2184390);f752a51ec5f22331892a90c44239ec455704b6358d4b32d8a509f71e83345cf6(spent@2184390);a56db2e1b4d0ca5ad4f94221b7847e3bb4216c219c1e806f41de718ab3d8a0ff(created@2195001);a56db2e1b4d0ca5ad4f94221b7847e3bb4216c219c1e806f41de718ab3d8a0ff(spent@2195001);2fe3d8c4728555beebef7c691c9c537f3f67b1483b387de837d06da0dbce7af0(created@2195395)"
"mn_addr_preprod149tzrary7vhkzvm3k6gamsgjjar44ls03m4sc6zjn52mcyvsgjwsegkgp7",7,4,3,2197155,2197169,"da506cc476527abf83f7ef8ada06fd62ce81f2c180408d9c95699558258e9f1c(created@2197155);da506cc476527abf83f7ef8ada06fd62ce81f2c180408d9c95699558258e9f1c(created@2197155);da506cc476527abf83f7ef8ada06fd62ce81f2c180408d9c95699558258e9f1c(spent@2197155);aaaad0d06d68e8161d416750594353d522cde6705d27af434daff0e574d67c78(created@2197169);aaaad0d06d68e8161d416750594353d522cde6705d27af434daff0e574d67c78(created@2197169);aaaad0d06d68e8161d416750594353d522cde6705d27af434daff0e574d67c78(spent@2197169);aaaad0d06d68e8161d416750594353d522cde6705d27af434daff0e574d67c78(spent@2197169)"
"mn_addr_preprod15zsavdnhk0yvt3728l9v5dufspk8j8vsk23v85xm88vrwy35yvcqzu6hq4",6,3,3,2154288,2154305,"a3b41482509ffb07389c87fcc795116acd1a3495a187fcd78a9fe5556dddd359(created@2154288);a3b41482509ffb07389c87fcc795116acd1a3495a187fcd78a9fe5556dddd359(created@2154288);a3b41482509ffb07389c87fcc795116acd1a3495a187fcd78a9fe5556dddd359(spent@2154288);e1d6e72f3cbb0b6bc4ece1df9e8d859762bd881b78777b9c1852c56094afa530(created@2154305);e1d6e72f3cbb0b6bc4ece1df9e8d859762bd881b78777b9c1852c56094afa530(spent@2154305);e1d6e72f3cbb0b6bc4ece1df9e8d859762bd881b78777b9c1852c56094afa530(spent@2154305)"
"mn_addr_preprod169az80s50j6sayvxvkransv530rnhdtg3csww683l94c6n0e0z7qkuc3e9",6,4,2,2158550,2173753,"f4a9d4734db86c9a0cd2b467416d770aee6d6f7f3032e64a2c8d328ca5c671aa(created@2158550);d13f15d17ebbb071bfbbc33f07c10f66fb398fab3b6b22f954ba4acc13debd5b(created@2165837);d13f15d17ebbb071bfbbc33f07c10f66fb398fab3b6b22f954ba4acc13debd5b(spent@2165837);8d55cbab3e77cebf837efa96fbd947c7e2a0b9ceacb3b83ab796753ff0410003(created@2173351);d02a1f5839eb6c287c0e58d142bdcc0f8f1511b45d199dbc0985045b3d955f39(created@2173753);d02a1f5839eb6c287c0e58d142bdcc0f8f1511b45d199dbc0985045b3d955f39(spent@2173753)"
"mn_addr_preprod1msvj5a93xuf4swjkv8367phejxrdtcle4rucvtysdj6f43lpz7qsgkcnwm",6,3,3,2166778,2166826,"3824641f66e9ac77a72c053780425a0469585c9b2b1730f21a46b7f1170c9eb2(created@2166778);3824641f66e9ac77a72c053780425a0469585c9b2b1730f21a46b7f1170c9eb2(created@2166778);3824641f66e9ac77a72c053780425a0469585c9b2b1730f21a46b7f1170c9eb2(spent@2166778);9936f99630dd8a2140a3821e0904bf572ba1eb0e08399c9bf0452fe4a441ac9e(created@2166826);9936f99630dd8a2140a3821e0904bf572ba1eb0e08399c9bf0452fe4a441ac9e(spent@2166826);9936f99630dd8a2140a3821e0904bf572ba1eb0e08399c9bf0452fe4a441ac9e(spent@2166826)"
"mn_addr_preprod10q870qkr6ymlvpuwmm4pwdfy085auhlarqhhzf4dez0uwcwl8txshwmgdp",6,3,3,2168337,2168387,"6333260a6d5698cdfbca74cfeae2c7221eb18c629d786b151e6e3873c951ea50(created@2168337);6333260a6d5698cdfbca74cfeae2c7221eb18c629d786b151e6e3873c951ea50(created@2168337);6333260a6d5698cdfbca74cfeae2c7221eb18c629d786b151e6e3873c951ea50(spent@2168337);626fc605c092d3451567a713979446075ecb87fd967022b2eb8e8f502cb344db(created@2168387);626fc605c092d3451567a713979446075ecb87fd967022b2eb8e8f502cb344db(spent@2168387);626fc605c092d3451567a713979446075ecb87fd967022b2eb8e8f502cb344db(spent@2168387)"
"mn_addr_preprod1wmyque8fk257g7qpvf8szz0jx6u8h5ruu4hgxjclzh2c48tjrx4s5fyl2d",6,3,3,2168837,2168872,"cd794ab2ac897516bdfe99ef3dc94f752a0414ebaecb77f33e86bf747f9fb786(created@2168837);cd794ab2ac897516bdfe99ef3dc94f752a0414ebaecb77f33e86bf747f9fb786(created@2168837);cd794ab2ac897516bdfe99ef3dc94f752a0414ebaecb77f33e86bf747f9fb786(spent@2168837);4d400d60b923a0ac6d2f1bac486f1e46b38f0b28c17995805b9c153adfa4d222(created@2168872);4d400d60b923a0ac6d2f1bac486f1e46b38f0b28c17995805b9c153adfa4d222(spent@2168872);4d400d60b923a0ac6d2f1bac486f1e46b38f0b28c17995805b9c153adfa4d222(spent@2168872)"
"mn_addr_preprod19xwwl0l6q0aawm743su5c2a6qx5dlw3n7d8j06c3v8uszjmjteaqy26wmp",6,4,2,2173403,2173522,"b3aff62357f7f9b897e92fc2d88b58db4d089484f1aa443baf949fb9ff902b8d(created@2173403);950f819d7667de9fb57e2306133a663c4436467e2fb494e26ae70f2abdd61011(created@2173434);950f819d7667de9fb57e2306133a663c4436467e2fb494e26ae70f2abdd61011(created@2173434);950f819d7667de9fb57e2306133a663c4436467e2fb494e26ae70f2abdd61011(spent@2173434);950f819d7667de9fb57e2306133a663c4436467e2fb494e26ae70f2abdd61011(spent@2173434);9d5ee9b1276258720556effc2dd87939f2bae1964d27684ed9b061c74e94ba45(created@2173522)"
"mn_addr_preprod1703sc78eyudklq67ujq3ky0n0mn8tdfxe5jgxgpj0vlgyhr2tecscyz83a",6,4,2,2178985,2190320,"63a1f75aa0811ec249de4ac58e1fa3faea53b83329932adb8f295c6f11af9fd0(created@2178985);a3ce284faee52baa1979b3a35e3467e9a43da0a3c71797181da09425c2b28eb3(created@2186924);191dea096116610aba737f200cc39657df38d665b68af97d613185ebd0a703ca(created@2190320);191dea096116610aba737f200cc39657df38d665b68af97d613185ebd0a703ca(created@2190320);191dea096116610aba737f200cc39657df38d665b68af97d613185ebd0a703ca(spent@2190320);191dea096116610aba737f200cc39657df38d665b68af97d613185ebd0a703ca(spent@2190320)"
"mn_addr_preprod19zlham6mgznwhq7hpzklygj7kldwgsumqcmsdezkmm20eguvhgushvsuqh",6,4,2,2182314,2182343,"772e0c36c7998063e4a5f1077512b27f7c21c61fb2b4279980d9ff49e0bd651f(created@2182314);772e0c36c7998063e4a5f1077512b27f7c21c61fb2b4279980d9ff49e0bd651f(created@2182314);772e0c36c7998063e4a5f1077512b27f7c21c61fb2b4279980d9ff49e0bd651f(spent@2182314);06f99c0eeb8d2aea8fa3ed8d1f4234192e0ff5337cd9018d93779044190f94db(created@2182343);06f99c0eeb8d2aea8fa3ed8d1f4234192e0ff5337cd9018d93779044190f94db(created@2182343);06f99c0eeb8d2aea8fa3ed8d1f4234192e0ff5337cd9018d93779044190f94db(spent@2182343)"
"mn_addr_preprod1xa7luuu2pqsyjk23r5tzg5z85zxnwdu4cl6x48h830h4vs7plg7s2wa4f4",6,4,2,2183350,2196517,"e351022b2fb0671d3a0772177cddf6f910df40863d69fe04e794e30d9003cef0(created@2183350);e351022b2fb0671d3a0772177cddf6f910df40863d69fe04e794e30d9003cef0(created@2183350);e351022b2fb0671d3a0772177cddf6f910df40863d69fe04e794e30d9003cef0(spent@2183350);37f54bb053c5bef8d9aab43e8cca5a827fe6114733416a271381dc412cb4b57b(created@2196517);37f54bb053c5bef8d9aab43e8cca5a827fe6114733416a271381dc412cb4b57b(created@2196517);37f54bb053c5bef8d9aab43e8cca5a827fe6114733416a271381dc412cb4b57b(spent@2196517)"
"mn_addr_preprod1nf6kpt2eapjajj2k5mrx99g0vrq93qk436m0q6adcvrvlcne7nwsnu7k24",6,3,3,2183685,2183719,"03ee1e0551282113db2849797adf497924983eaa614112fb69e92a58b94f96bc(created@2183685);03ee1e0551282113db2849797adf497924983eaa614112fb69e92a58b94f96bc(created@2183685);03ee1e0551282113db2849797adf497924983eaa614112fb69e92a58b94f96bc(spent@2183685);2e0c79be87e48e95a22d30604f2cb77d77121fbc8f21b0adaf9189a7c9fd932e(created@2183719);2e0c79be87e48e95a22d30604f2cb77d77121fbc8f21b0adaf9189a7c9fd932e(spent@2183719);2e0c79be87e48e95a22d30604f2cb77d77121fbc8f21b0adaf9189a7c9fd932e(spent@2183719)"
"mn_addr_preprod1m5j87648mv8rjdmg9zq5paqndvlnnyp6uw76lrmzadzumu0jlcfqwrs2hc",6,3,3,2183854,2183887,"34c91c706d90c4c195c47aa2c0b9b9767d1d5994650024aeefb7b21f184eb112(created@2183854);34c91c706d90c4c195c47aa2c0b9b9767d1d5994650024aeefb7b21f184eb112(created@2183854);34c91c706d90c4c195c47aa2c0b9b9767d1d5994650024aeefb7b21f184eb112(spent@2183854);58fe59285656d59aedbd860bab143221eab00d432729b2c5ab6f68188bf58614(created@2183887);58fe59285656d59aedbd860bab143221eab00d432729b2c5ab6f68188bf58614(spent@2183887);58fe59285656d59aedbd860bab143221eab00d432729b2c5ab6f68188bf58614(spent@2183887)"
"mn_addr_preprod13yynd7955cfn2ka3n3q5zfg6c9tnhzj0s3ff5vsm009e5eczn27suf063v",6,4,2,2186723,2186839,"bc504b6ef419defbe542481e38d4f779b75ae698734a61aa26eb6a27206151c6(created@2186723);8f7099449b5af0c4a1c0647b3d6a68c4c7a02b0e449149b4f3927b78cc327c27(created@2186730);2a9e9b26c426beffc84b88af12d17369bc86f1d110c919c9ef05d444818881ac(created@2186839);2a9e9b26c426beffc84b88af12d17369bc86f1d110c919c9ef05d444818881ac(created@2186839);2a9e9b26c426beffc84b88af12d17369bc86f1d110c919c9ef05d444818881ac(spent@2186839);2a9e9b26c426beffc84b88af12d17369bc86f1d110c919c9ef05d444818881ac(spent@2186839)"
"mn_addr_preprod1v6dd3lexcg9qc7r37k2h3cvu7s0785qaxq6ze8prw3375hxzr7mqy38k8d",5,3,2,2152068,2158408,"d3aebbc3ed6732c4df96f9430948029ba3ea40b7a075ee824a98aca3dc3e8216(created@2152068);d3aebbc3ed6732c4df96f9430948029ba3ea40b7a075ee824a98aca3dc3e8216(created@2152068);d3aebbc3ed6732c4df96f9430948029ba3ea40b7a075ee824a98aca3dc3e8216(spent@2152068);d3aebbc3ed6732c4df96f9430948029ba3ea40b7a075ee824a98aca3dc3e8216(spent@2152068);f056d94fc509f3d6ddc48d89b3f8cb2d9ef93b8385930fa5434339dc0140005c(created@2158408)"
"mn_addr_preprod1gypkuxfk42cte0jfuwrkdvrpymjuwspqjr9npfhleklc4q86kl4qjsr7wh",5,3,2,2159023,2175719,"aa33ce2796be3b4b4e0bc7cce8d6bbf46471435587d6840485b26fcc4f3f1721(created@2159023);5bc76bfedd31e9dd909678b84ec3437cac0a9055146a2970e08ca53b2df6697b(created@2159043);5bc76bfedd31e9dd909678b84ec3437cac0a9055146a2970e08ca53b2df6697b(spent@2159043);bb1b7f5f9f7443ee5cad3b94d482aaab0f5742f37b4c98bbaae662649b2848a5(created@2175719);bb1b7f5f9f7443ee5cad3b94d482aaab0f5742f37b4c98bbaae662649b2848a5(spent@2175719)"
"mn_addr_preprod1gj5y769sduty0us0j724dlwhjdn3fklmqf754kpta7hm9r2yqelsp5m2at",5,4,1,2162235,2174972,"65bf0edc5b5ccc4ac5ac70f898c8076fa098843952dfa1825e6fb78df4f93b55(created@2162235);653764afd17619927d44b865df75ff98a614ebdd777f85bcb47a5261826e71c5(created@2162535);cf0f176f9087a4eca84c1c312f563910cc9c2558b50d1505910a61d91bcdcb6a(created@2162632);9459d6b4f8db8bbf00f92721be2b829f81a4dee1dd7ed78b5e4f4959e001ef13(created@2174972);9459d6b4f8db8bbf00f92721be2b829f81a4dee1dd7ed78b5e4f4959e001ef13(spent@2174972)"
"mn_addr_preprod1nquumy4vtnv89hlhu3muq7fuhhku7kh0pzm7wfrprqa8u9ctfs0qlp039g",5,3,2,2166954,2166989,"00dba0f879eaf57fe07a661d1696264d87a10f0bc08c55c1adfd84b8fbe15eea(created@2166954);00dba0f879eaf57fe07a661d1696264d87a10f0bc08c55c1adfd84b8fbe15eea(created@2166954);00dba0f879eaf57fe07a661d1696264d87a10f0bc08c55c1adfd84b8fbe15eea(spent@2166954);4ef318e565dd89f3af23908aa3af15402d7e099477de42f7e209701614eff49a(created@2166989);4ef318e565dd89f3af23908aa3af15402d7e099477de42f7e209701614eff49a(spent@2166989)"
"mn_addr_preprod1m3scz9rez6zzfxa9nj864ugtzl43nkwk8jjd5azqdavvd6ucanmsnugprj",5,3,2,2167099,2167135,"94bdf6e3604995402c605fe318a65f2af05cc17b13cf1a699f26773c80baa355(created@2167099);94bdf6e3604995402c605fe318a65f2af05cc17b13cf1a699f26773c80baa355(created@2167099);94bdf6e3604995402c605fe318a65f2af05cc17b13cf1a699f26773c80baa355(spent@2167099);7d56ba4c8a2c5deab081b152de0f2d86d2b9cc22b08ab7c54ff2c914b439bb51(created@2167135);7d56ba4c8a2c5deab081b152de0f2d86d2b9cc22b08ab7c54ff2c914b439bb51(spent@2167135)"
"mn_addr_preprod1nrmh397u3q308asu6lvzk3nstxl9e8mt05txg2pj8u6l7taqqcmqs02q72",5,3,2,2167709,2167744,"e2288e760ed30878b6e05c028373045007af890f0cc2248ad994ca7d8810e14c(created@2167709);e2288e760ed30878b6e05c028373045007af890f0cc2248ad994ca7d8810e14c(created@2167709);e2288e760ed30878b6e05c028373045007af890f0cc2248ad994ca7d8810e14c(spent@2167709);3086801477dac533350b150d2e793620ea4837b28dd96576df3d8ba203c68483(created@2167744);3086801477dac533350b150d2e793620ea4837b28dd96576df3d8ba203c68483(spent@2167744)"
"mn_addr_preprod1f9skx5pxn7n7c4fav6rqskrrq897rhkgc6np583rj6024lq9q48qnct42a",5,3,2,2169360,2169395,"5d6e4f36a09a69b11da57d4d20f583df57a5670002f2762b8006c2f3c26adb75(created@2169360);5d6e4f36a09a69b11da57d4d20f583df57a5670002f2762b8006c2f3c26adb75(created@2169360);5d6e4f36a09a69b11da57d4d20f583df57a5670002f2762b8006c2f3c26adb75(spent@2169360);2fc2c088a42776ee41fdf753f20e840bdac81b6f157f8c808063915f746f7312(created@2169395);2fc2c088a42776ee41fdf753f20e840bdac81b6f157f8c808063915f746f7312(spent@2169395)"
"mn_addr_preprod1rs9xxspejw5mvdn3z0h5ze8p24d2p9nalv6d903hvz8fcry9asdqzvxw2a",5,3,2,2182149,2182184,"c9fe7c2a7345de11920870166dd67708b8ea8270474ca6db869496e75c3931c9(created@2182149);c9fe7c2a7345de11920870166dd67708b8ea8270474ca6db869496e75c3931c9(created@2182149);c9fe7c2a7345de11920870166dd67708b8ea8270474ca6db869496e75c3931c9(spent@2182149);05562213d7cb5d7f5a9ffbab99098f66eea886d281bbc70422c692d876695799(created@2182184);05562213d7cb5d7f5a9ffbab99098f66eea886d281bbc70422c692d876695799(spent@2182184)"
"mn_addr_preprod1l49fnwm7f4m0ypgy8tjf0zm5esj5t67dhl37x27aja9cwhhas0ssfhjx36",5,3,2,2182518,2182571,"e892849ece41e1e07d0acd8300c22cef177d68f43c7de9b4ccc4832352748db8(created@2182518);e892849ece41e1e07d0acd8300c22cef177d68f43c7de9b4ccc4832352748db8(created@2182518);e892849ece41e1e07d0acd8300c22cef177d68f43c7de9b4ccc4832352748db8(spent@2182518);83c02fad0d35dd65fd6641998993d2851a1ebb1b0d62989f85af55c069eaf19e(created@2182571);83c02fad0d35dd65fd6641998993d2851a1ebb1b0d62989f85af55c069eaf19e(spent@2182571)"
"mn_addr_preprod17dlkte2e5w43r00ndgum8ff4r2hxx8hx6zqwgf2v57jvuy5jpm0qxc5qxh",5,3,2,2182872,2182922,"f928d40ae7fbf2dea7a566423163655ca24d17c294e0824708f42ea6d06c2e04(created@2182872);f928d40ae7fbf2dea7a566423163655ca24d17c294e0824708f42ea6d06c2e04(created@2182872);f928d40ae7fbf2dea7a566423163655ca24d17c294e0824708f42ea6d06c2e04(spent@2182872);52ebc63b364167e0f40cc59a4a775f6d6ec12ba243ea3f3d88d552f89c7a95ea(created@2182922);52ebc63b364167e0f40cc59a4a775f6d6ec12ba243ea3f3d88d552f89c7a95ea(spent@2182922)"
"mn_addr_preprod1x9jfl7627pn0y2m495v83xeecfg972l3ffw73633thanumagyseqvu08rf",5,3,2,2183990,2184032,"2ae5fca5d528986fdd59def0529f8c61e05582bd586476cb65ac3de7562da28e(created@2183990);2ae5fca5d528986fdd59def0529f8c61e05582bd586476cb65ac3de7562da28e(created@2183990);2ae5fca5d528986fdd59def0529f8c61e05582bd586476cb65ac3de7562da28e(spent@2183990);e6324670f3adc573276d340af61182f9bd08a834e6b0900744e634165207ab12(created@2184032);e6324670f3adc573276d340af61182f9bd08a834e6b0900744e634165207ab12(spent@2184032)"
"mn_addr_preprod169jelzg9tn8klc68l44g2zne0wfz6dymc78w395rhykp3r3kears2q8zse",5,4,1,2190318,2198367,"7d772d8e8837a8184b0c4c34f343140e72825015aaa8c250ae98bfe2be204b75(created@2190318);be941eef6ac97a2e729adac80e6c66812adf1818d82073faa0dde774f7986bcd(created@2198080);0b8a11eecd14c6168cbb33cdf2dceee8d389edad98026ac9d8094be29a17ee61(created@2198313);0b8a11eecd14c6168cbb33cdf2dceee8d389edad98026ac9d8094be29a17ee61(spent@2198313);230fc4b7e6409e00195cd2ac3bb0b925d79286abd94154f5291d5fdc86ef5673(created@2198367)"
"mn_addr_preprod18xhsws99lduer7ku83cjk0vgh6yyt98m5welhw5mf95juwsupv0s6ew3nr",5,3,2,2198374,2198408,"e6bb0395d86214c139d2a652d4e15a3302dae1c05e3068fc522b3fc28eca1959(created@2198374);e6bb0395d86214c139d2a652d4e15a3302dae1c05e3068fc522b3fc28eca1959(created@2198374);e6bb0395d86214c139d2a652d4e15a3302dae1c05e3068fc522b3fc28eca1959(spent@2198374);8aacf1d56dff196ef1d62a22903e7d827763deb40745f79d076cdc8d417155a0(created@2198408);8aacf1d56dff196ef1d62a22903e7d827763deb40745f79d076cdc8d417155a0(spent@2198408)"
"mn_addr_preprod1gpdjkd47cf5snzra9apxvw6782rq7afknmzuan4uudfweenlr67s4uustt",4,2,2,2166426,2166426,"af1e53a0702793efd7ac8ae11e6cad9d9b2fc41b8234c718572882ba7945cc08(created@2166426);af1e53a0702793efd7ac8ae11e6cad9d9b2fc41b8234c718572882ba7945cc08(created@2166426);af1e53a0702793efd7ac8ae11e6cad9d9b2fc41b8234c718572882ba7945cc08(spent@2166426);af1e53a0702793efd7ac8ae11e6cad9d9b2fc41b8234c718572882ba7945cc08(spent@2166426)"
"mn_addr_preprod18wxerzf63hxks5uuaef9mrjp0qcdrdhgadch3m7tcjyefta98a8scxdw9c",4,3,1,2173394,2173513,"8bfac7a33f1da41a4cfa0e6ac077d500f4fb189be88183a2490aa8cb1b0a40bf(created@2173394);3ad5bb2b9e7281657c3eefccba105caa690c1426320f76caa4207287f063b98b(created@2173412);3ad5bb2b9e7281657c3eefccba105caa690c1426320f76caa4207287f063b98b(spent@2173412);921783cd519497cc0ba5e1a00e08ec9906b322e0befc0ec7f22716447751806d(created@2173513)"
"mn_addr_preprod13pan25sujqxneg5j0u6etaluln6l2ukqqgrnj3v5nzw2gr2amlgqh2qnd5",4,3,1,2173757,2176166,"2cba1f996dbd43a4ccaae982411e76b53cb827291f5e3caef7d5c85e0d596af4(created@2173757);738bd7d9e2981d442f152be7106de9b7eb6c71f1762e6c4cbe9f06db216ae100(created@2173912);738bd7d9e2981d442f152be7106de9b7eb6c71f1762e6c4cbe9f06db216ae100(spent@2173912);8e7cc9433f88252c02af2bf330c6878b40845311b659da224c191ebfe16dfbdf(created@2176166)"
"mn_addr_preprod16cfh8hd5xhlvywqjm6dmfslpemzs8dlgt7qrc4s933c60g0lgeaslt5a79",4,3,1,2179193,2179224,"a219586175989cfb857ebb83bbd5186c34113e603a90971ea5d1f4a19995827f(created@2179193);0d0ac3c4f0943f7905c8e736a7020ea61be6e7796ca8ad7bdbf7d68010896cf9(created@2179224);0d0ac3c4f0943f7905c8e736a7020ea61be6e7796ca8ad7bdbf7d68010896cf9(created@2179224);0d0ac3c4f0943f7905c8e736a7020ea61be6e7796ca8ad7bdbf7d68010896cf9(spent@2179224)"
"mn_addr_preprod17hcf488r8fu60dt80y8fytgmfef85zw87w6l39desrkyf6pxwr0qus8mhu",4,2,2,2183360,2183360,"c9e34f9c16fdc5ec391611a59ca76f2b4d471d2c718e6e186d705e41b3cf2e94(created@2183360);c9e34f9c16fdc5ec391611a59ca76f2b4d471d2c718e6e186d705e41b3cf2e94(created@2183360);c9e34f9c16fdc5ec391611a59ca76f2b4d471d2c718e6e186d705e41b3cf2e94(spent@2183360);c9e34f9c16fdc5ec391611a59ca76f2b4d471d2c718e6e186d705e41b3cf2e94(spent@2183360)"
"mn_addr_preprod10uemvyc2eywhfy4c6q38yyuh0yqrmmxspcd8jh68wpsw65pnpqdstst7jx",4,4,0,2183600,2185681,"925045507b27abf2f0697e7d840bb216dde31d95f1c0e762930897041987be92(created@2183600);22e8d32ff38839b14101aaf9c88796cbadae497e385c7f4835f2b119fea9ec34(created@2184864);1f1b68f803f5073eaaed70519b4b1a3490a4092080d059031a1faa2f3e50f17d(created@2185656);878b873681ed42a3a0a8eca408e5c8c943a3412f349ae514fabe3106081fb9c5(created@2185681)"
"mn_addr_preprod1lsvhkn2j5hu54pkaseqnqdw3n0nm2ad26lzpnxlwj0j228fnn8nsyhm9j8",4,3,1,2189012,2189025,"c599351ba2e0e4bebe9555770b3af215f1d131aae91c9bc693ec757d67d2290d(created@2189012);c77d44a9beed7e3aa807e70febd9aa1813cbfebfe5bf4bc159d4afdd702678ae(created@2189019);c77d44a9beed7e3aa807e70febd9aa1813cbfebfe5bf4bc159d4afdd702678ae(spent@2189019);ceb40eceb93765658d2bd095b7f9b8592321c379dc7dbbf07ca2eb1482faa6c0(created@2189025)"
"mn_addr_preprod1wtayfngvtw5arq6nv8a3t7y37hgav62pm2s3aszy80j92rjnqvfslp8g9w",4,2,2,2197633,2197633,"695490d410e58dd8c5c57a474d7be3823fe6203145f49711786f426b985c73e4(created@2197633);695490d410e58dd8c5c57a474d7be3823fe6203145f49711786f426b985c73e4(created@2197633);695490d410e58dd8c5c57a474d7be3823fe6203145f49711786f426b985c73e4(spent@2197633);695490d410e58dd8c5c57a474d7be3823fe6203145f49711786f426b985c73e4(spent@2197633)"
"mn_addr_preprod168zz3a3dnanmyehdakmpt9um26y0jdzwwp7fjyje6nltss6pg0hs34xx3f",4,3,1,2199889,2200203,"dd7ecedbd948133bcbae9e47e6aee480ddc43fab446b6cac0a92ac5220ca79cf(created@2199889);8bb7ef800c5a109d75b4699419b5949fa7b62cb7a56a5c900b829149520fbc17(created@2199967);8bb7ef800c5a109d75b4699419b5949fa7b62cb7a56a5c900b829149520fbc17(spent@2199967);22cff13528f2e1ebcf15953b547a6efe28f0f93a2d78571bde5115f3d64b87ef(created@2200203)"
"mn_addr_preprod13w9kuna55xqpfs8zqfs0n7zdgqzkw6tewdrlqqtwnk02st7q8kzsv4a2c9",3,2,1,2148477,2148831,"bfda9088c43f7cf11c0cdb21d1480939042d07fad9be63415621cbad6de622f6(created@2148477);286dee4620b8fd9dd5828411994be7d90fa4932045e288bad11c3d54e3b48852(created@2148831);286dee4620b8fd9dd5828411994be7d90fa4932045e288bad11c3d54e3b48852(spent@2148831)"
"mn_addr_preprod1236fv2wce5wn93mjz8svep4gkuejjkeaul78gegmeymw78amvrzqppcckt",3,2,1,2148578,2148855,"42140f90deb1aa91370e63442b1c8f2cc797c93b7d1f10ea8923052391b8dd0f(created@2148578);0f7401b3eb41e0fb62fd0fc31f68c97be957353184bf76030aa3694b81ca622d(created@2148855);0f7401b3eb41e0fb62fd0fc31f68c97be957353184bf76030aa3694b81ca622d(spent@2148855)"
"mn_addr_preprod19t520luhzjr89uwz0ry706jxchds8yklc8n540xhsa3w3el7vlmssyz3a4",3,2,1,2148679,2148861,"a448118a6f85644dd8b96f9258b6c980f69909af84439ce14d4b6bf0e5edfd41(created@2148679);8856d83044a621d9b8b68339ee45f30b600115b38379551e548a6bc4c8af89bc(created@2148861);8856d83044a621d9b8b68339ee45f30b600115b38379551e548a6bc4c8af89bc(spent@2148861)"
"mn_addr_preprod12qsrl99as6pelauaruhss23p32p4svfkw3x2xkr7x4528gp6hm3sz7anz9",3,2,1,2148709,2148867,"1b8c784d97374e9455a6207a504d8cabeb5dc711a187d799611c96c8becd0c79(created@2148709);8be39d258e201d0512c1adb1c008d2a62ef035a4678703aa679b5daef0b854c8(created@2148867);8be39d258e201d0512c1adb1c008d2a62ef035a4678703aa679b5daef0b854c8(spent@2148867)"
"mn_addr_preprod1636t4txtdyd03ka92lvgmz5aeg9wh3r0ecdeuzcuepkfnxl3gzqqtmgrdu",3,2,1,2148758,2148873,"42427b2f57497c746ac0d1022541c493896024f669779e532cae232025c87456(created@2148758);18af02010e9244d2b43f27ebf63b3708336d9b72a2f0d7cbd2749da269f967df(created@2148873);18af02010e9244d2b43f27ebf63b3708336d9b72a2f0d7cbd2749da269f967df(spent@2148873)"
"mn_addr_preprod1ccw0jkl3q730699anrqwr786eglmrnf6ftakumx6hztqn5gpya4s2fysy9",3,2,1,2152671,2152937,"3d3c8498c4759963784dd9ef5e956dd42ff685373663dbbd7c57790184d5c21c(created@2152671);04a1945c86f9a4ff35647d6d28f3bf80b16830c4669966f66dcc28258db7e2d4(created@2152937);04a1945c86f9a4ff35647d6d28f3bf80b16830c4669966f66dcc28258db7e2d4(spent@2152937)"
"mn_addr_preprod10du3xk4j5dkn0vu8gpayvlsy329ljdfdx697ldyzlavekrwkfuhq0g7vqm",3,2,1,2153230,2153615,"9d55074b2942e3629dcbad6fed5a3a942370e477030ced44812b965984103dcd(created@2153230);0472036f468f6e137436f3ecc1f881810c92d98977dad7a7741efdf29675cfe9(created@2153615);0472036f468f6e137436f3ecc1f881810c92d98977dad7a7741efdf29675cfe9(spent@2153615)"
"mn_addr_preprod1efmkmrfgcdxhxyx2f7kfmchgrfme6prmvmyx3y23aae2t9zmnuzsqnh8xv",3,2,1,2155651,2155683,"94bfd2d214ce7bdd2e7cb4b7114ec8df5d44f45a5faa741d8a6eb86d32844e5f(created@2155651);48c0add6214c0820827222391bfb93c2489112abec6dc2b288e2f5d3248d23c5(created@2155683);48c0add6214c0820827222391bfb93c2489112abec6dc2b288e2f5d3248d23c5(spent@2155683)"
"mn_addr_preprod1kw7wjcje8edz6j4fplu8zuu84rs92wvx9jqhmn2jcen6qz6f3gss0wa0av",3,2,1,2155774,2155789,"0763fd495ec8bb628a143a031067ba9cb7517f8a40bd748cab678e38039e9ce9(created@2155774);bd5ec60db9e4ffe8b4a4632de89b2400d5675e3e4acc316aa76be4372993c297(created@2155789);bd5ec60db9e4ffe8b4a4632de89b2400d5675e3e4acc316aa76be4372993c297(spent@2155789)"
"mn_addr_preprod1cmwuntzqkq97vgxnlvnfsd8eu6td55yya3uz4djaa3c7wh982uesqqultr",3,2,1,2156877,2161672,"ded16cf1350fa84a4f0f309f2b801798d0da514651b72b3182e524e3ebea0d82(created@2156877);ded16cf1350fa84a4f0f309f2b801798d0da514651b72b3182e524e3ebea0d82(spent@2156877);625ec77d62ef5331951037d9416f4852bb05baa8b3df99cc4fbd8ee36a18985d(created@2161672)"
"mn_addr_preprod1axh5xg3g82c9ahn956gkxzxx577heq0ecwhn8th2hnz2rsdkhuyshe0ye0",3,2,1,2157144,2157230,"f513686bc809caef9ca56a226bb932ce0bb5e7f3a694b4c85645e03e14f61380(created@2157144);a71e2d3e89bd24fbdb863480225b74ba18db188aac4142645d177182e4068322(created@2157230);a71e2d3e89bd24fbdb863480225b74ba18db188aac4142645d177182e4068322(spent@2157230)"
"mn_addr_preprod1xng4l02tad7z39jg33zzxa9spkpgr70x87kx3qucjsuqwq89kphqjjgsum",3,2,1,2157996,2162861,"327894ab7da57c00cff599cd7624181bea5e22cd9ecc571546d2b7630ead0b61(created@2157996);e884c8e5ef12f889b737872ec29211e401dbd73cd2e5996bfb50514392fc3198(created@2162861);e884c8e5ef12f889b737872ec29211e401dbd73cd2e5996bfb50514392fc3198(spent@2162861)"
"mn_addr_preprod1z8v2f3theedwjp5vu2zenj00larxz2lm895mdda79tgqpzwc3c2qqtmq3e",3,2,1,2158002,2166771,"af8fc480dbc4441619fa0326c353d559d5866bc992d5705f53436f4f0e008a8d(created@2158002);dc86f4c20a0dee66b4cce69240ab5bef3e12c8e7de075ef696b70d3f76aefaa5(created@2166771);dc86f4c20a0dee66b4cce69240ab5bef3e12c8e7de075ef696b70d3f76aefaa5(spent@2166771)"
"mn_addr_preprod19j9h2mgw05zzgnkps3ker7nwwf9x6p9rjntrt077rglp6q74f98qrhuzs4",3,3,0,2159617,2188710,"863132cd4a9db1f040c9fc16a2a1bd3ecce85d0437895e882a460897570b3417(created@2159617);ea077ab9d763b0bae0d18f61a0c2ef3512042132b3ae40d78533f1eb5b3516b2(created@2174148);5847aeedcaee2d7e824ddfe5e43f30240deae36808a6304200a37646e4247f7c(created@2188710)"
"mn_addr_preprod185ce602nc2u22x2sqxhjkyrq8fvt592vw4dah74f4c3estldadwq876s22",3,3,0,2159617,2188710,"863132cd4a9db1f040c9fc16a2a1bd3ecce85d0437895e882a460897570b3417(created@2159617);ea077ab9d763b0bae0d18f61a0c2ef3512042132b3ae40d78533f1eb5b3516b2(created@2174148);5847aeedcaee2d7e824ddfe5e43f30240deae36808a6304200a37646e4247f7c(created@2188710)"
"mn_addr_preprod1f8zh4dks72ze425qm5z62067r5ncjk4g94c7w052rvuawkl7unqs3fkc4c",3,3,0,2159617,2188710,"863132cd4a9db1f040c9fc16a2a1bd3ecce85d0437895e882a460897570b3417(created@2159617);ea077ab9d763b0bae0d18f61a0c2ef3512042132b3ae40d78533f1eb5b3516b2(created@2174148);5847aeedcaee2d7e824ddfe5e43f30240deae36808a6304200a37646e4247f7c(created@2188710)"
"mn_addr_preprod12p7dnm8vk5umnjkdrnmxz94ap5jla5649ryw5a8s86c2rj8065fscjs59j",3,3,0,2159617,2188710,"863132cd4a9db1f040c9fc16a2a1bd3ecce85d0437895e882a460897570b3417(created@2159617);ea077ab9d763b0bae0d18f61a0c2ef3512042132b3ae40d78533f1eb5b3516b2(created@2174148);5847aeedcaee2d7e824ddfe5e43f30240deae36808a6304200a37646e4247f7c(created@2188710)"
"mn_addr_preprod12wmvhz7nq73psp9t25emsjw577s4tjze583s36wdke9dykygrs7qhzhgrq",3,3,0,2159617,2188710,"863132cd4a9db1f040c9fc16a2a1bd3ecce85d0437895e882a460897570b3417(created@2159617);ea077ab9d763b0bae0d18f61a0c2ef3512042132b3ae40d78533f1eb5b3516b2(created@2174148);5847aeedcaee2d7e824ddfe5e43f30240deae36808a6304200a37646e4247f7c(created@2188710)"
"mn_addr_preprod1daplvxnu7u7qy2kkwvt77grys7g8aypyc34cyz858q4dex0xmskq2ucqqm",3,3,0,2159617,2188710,"863132cd4a9db1f040c9fc16a2a1bd3ecce85d0437895e882a460897570b3417(created@2159617);ea077ab9d763b0bae0d18f61a0c2ef3512042132b3ae40d78533f1eb5b3516b2(created@2174148);5847aeedcaee2d7e824ddfe5e43f30240deae36808a6304200a37646e4247f7c(created@2188710)"
"mn_addr_preprod10f26qhcr33ea8s0p4s6glvekw2ghddt75tmegw979ckuann23y2sqcc43h",3,3,0,2159617,2188710,"863132cd4a9db1f040c9fc16a2a1bd3ecce85d0437895e882a460897570b3417(created@2159617);ea077ab9d763b0bae0d18f61a0c2ef3512042132b3ae40d78533f1eb5b3516b2(created@2174148);5847aeedcaee2d7e824ddfe5e43f30240deae36808a6304200a37646e4247f7c(created@2188710)"
"mn_addr_preprod100ypz9d22khdn4t03et8rmkgs9fd59egsejmfp3et3sw5hhnq4hqffwwra",3,3,0,2159617,2188710,"863132cd4a9db1f040c9fc16a2a1bd3ecce85d0437895e882a460897570b3417(created@2159617);ea077ab9d763b0bae0d18f61a0c2ef3512042132b3ae40d78533f1eb5b3516b2(created@2174148);5847aeedcaee2d7e824ddfe5e43f30240deae36808a6304200a37646e4247f7c(created@2188710)"
"mn_addr_preprod10m2sgjdetyqq4uyxh0kmfxk24gv8yytcvkp7urxu490cs7a83wms2guj89",3,3,0,2159617,2188710,"863132cd4a9db1f040c9fc16a2a1bd3ecce85d0437895e882a460897570b3417(created@2159617);ea077ab9d763b0bae0d18f61a0c2ef3512042132b3ae40d78533f1eb5b3516b2(created@2174148);5847aeedcaee2d7e824ddfe5e43f30240deae36808a6304200a37646e4247f7c(created@2188710)"
"mn_addr_preprod15q53g680mscspt3mgm6u7lelnm76phzn3fkl0u8vwstmqfkd5ucqjyf4v3",3,3,0,2159617,2188710,"863132cd4a9db1f040c9fc16a2a1bd3ecce85d0437895e882a460897570b3417(created@2159617);ea077ab9d763b0bae0d18f61a0c2ef3512042132b3ae40d78533f1eb5b3516b2(created@2174148);5847aeedcaee2d7e824ddfe5e43f30240deae36808a6304200a37646e4247f7c(created@2188710)"
"mn_addr_preprod15pp43apuplhkhyksuvgedly94s3s24kwyts33m2v4jyf5kvz87jsm6cxa4",3,3,0,2159617,2188710,"863132cd4a9db1f040c9fc16a2a1bd3ecce85d0437895e882a460897570b3417(created@2159617);ea077ab9d763b0bae0d18f61a0c2ef3512042132b3ae40d78533f1eb5b3516b2(created@2174148);5847aeedcaee2d7e824ddfe5e43f30240deae36808a6304200a37646e4247f7c(created@2188710)"
"mn_addr_preprod15x3jyjjpxp0wkn8qjlsuzta0tyepr4u0s7ch04rc34r6td29695s7h82rp",3,3,0,2159617,2188710,"863132cd4a9db1f040c9fc16a2a1bd3ecce85d0437895e882a460897570b3417(created@2159617);ea077ab9d763b0bae0d18f61a0c2ef3512042132b3ae40d78533f1eb5b3516b2(created@2174148);5847aeedcaee2d7e824ddfe5e43f30240deae36808a6304200a37646e4247f7c(created@2188710)"
"mn_addr_preprod153q3l5av00vj2ns2796tpv2x8f2vkd4kydk7pdxfktmss94m76uqyd4als",3,3,0,2159617,2188710,"863132cd4a9db1f040c9fc16a2a1bd3ecce85d0437895e882a460897570b3417(created@2159617);ea077ab9d763b0bae0d18f61a0c2ef3512042132b3ae40d78533f1eb5b3516b2(created@2174148);5847aeedcaee2d7e824ddfe5e43f30240deae36808a6304200a37646e4247f7c(created@2188710)"
"mn_addr_preprod14zxux2s9j0tdugw0glsn3pvtmw5tjylf2y6urdyv3y589znxtz8q5awuda",3,3,0,2159617,2188710,"863132cd4a9db1f040c9fc16a2a1bd3ecce85d0437895e882a460897570b3417(created@2159617);ea077ab9d763b0bae0d18f61a0c2ef3512042132b3ae40d78533f1eb5b3516b2(created@2174148);5847aeedcaee2d7e824ddfe5e43f30240deae36808a6304200a37646e4247f7c(created@2188710)"
"mn_addr_preprod14hty3jdq0lwndj7wlutjpgtuy60mumyj9nam5rzwfpfjh4e95n9qaz9rxu",3,3,0,2159617,2188710,"863132cd4a9db1f040c9fc16a2a1bd3ecce85d0437895e882a460897570b3417(created@2159617);ea077ab9d763b0bae0d18f61a0c2ef3512042132b3ae40d78533f1eb5b3516b2(created@2174148);5847aeedcaee2d7e824ddfe5e43f30240deae36808a6304200a37646e4247f7c(created@2188710)"
"mn_addr_preprod1ch02z78rewg8ctwuhj3unymssdprmqwtq2w6mlnzjlvddwrpcv7snqdun4",3,3,0,2159617,2188710,"863132cd4a9db1f040c9fc16a2a1bd3ecce85d0437895e882a460897570b3417(created@2159617);ea077ab9d763b0bae0d18f61a0c2ef3512042132b3ae40d78533f1eb5b3516b2(created@2174148);5847aeedcaee2d7e824ddfe5e43f30240deae36808a6304200a37646e4247f7c(created@2188710)"
"mn_addr_preprod162cwpvfvzxn4rf5ufatkd5ea0vuv0pgccwqrznym6f6y3gfnejdqvurazu",3,3,0,2159617,2188710,"863132cd4a9db1f040c9fc16a2a1bd3ecce85d0437895e882a460897570b3417(created@2159617);ea077ab9d763b0bae0d18f61a0c2ef3512042132b3ae40d78533f1eb5b3516b2(created@2174148);5847aeedcaee2d7e824ddfe5e43f30240deae36808a6304200a37646e4247f7c(created@2188710)"
"mn_addr_preprod17dggg432adpdvlpauwnx43lgfhlkmr6jnevg77s7cj57qshk8rtsyjmwzx",3,3,0,2159617,2188710,"863132cd4a9db1f040c9fc16a2a1bd3ecce85d0437895e882a460897570b3417(created@2159617);ea077ab9d763b0bae0d18f61a0c2ef3512042132b3ae40d78533f1eb5b3516b2(created@2174148);5847aeedcaee2d7e824ddfe5e43f30240deae36808a6304200a37646e4247f7c(created@2188710)"
"mn_addr_preprod17acxdpchcm5djdsfwcgehus86mcyjqzfww7s8fenwy9rh3ffe0dq804rhh",3,3,0,2159617,2188710,"863132cd4a9db1f040c9fc16a2a1bd3ecce85d0437895e882a460897570b3417(created@2159617);ea077ab9d763b0bae0d18f61a0c2ef3512042132b3ae40d78533f1eb5b3516b2(created@2174148);5847aeedcaee2d7e824ddfe5e43f30240deae36808a6304200a37646e4247f7c(created@2188710)"
"mn_addr_preprod1g9ad4e4xmwmfu6k62eulm53azccn4hpg0krzk264zd7yg5xwf8pq4eqtam",3,3,0,2159625,2188719,"e6b18a6c297b172334eda551f6444bc3b6ffa1143ea262e88b0a2c8440f8f20d(created@2159625);05ea85e42996f19db751d1721d44f9aaaa38a4dde3d5fd09842a124c71c9ee82(created@2174157);f90460ea80cca197d4e796e8cfb9c4dae1d6a5b8b32269a98b722b3a374a43ae(created@2188719)"
"mn_addr_preprod1gv5yfspancte7xxzfc0zxhs8wjhlajvkhechfq5z5n5wm88c3h0sqejqqk",3,3,0,2159625,2188719,"e6b18a6c297b172334eda551f6444bc3b6ffa1143ea262e88b0a2c8440f8f20d(created@2159625);05ea85e42996f19db751d1721d44f9aaaa38a4dde3d5fd09842a124c71c9ee82(created@2174157);f90460ea80cca197d4e796e8cfb9c4dae1d6a5b8b32269a98b722b3a374a43ae(created@2188719)"
"mn_addr_preprod1fl88hzs9saacy0unamuajef7mlkg02zrnry39c870l7tdp4nvfcs4mpw0p",3,3,0,2159625,2188719,"e6b18a6c297b172334eda551f6444bc3b6ffa1143ea262e88b0a2c8440f8f20d(created@2159625);05ea85e42996f19db751d1721d44f9aaaa38a4dde3d5fd09842a124c71c9ee82(created@2174157);f90460ea80cca197d4e796e8cfb9c4dae1d6a5b8b32269a98b722b3a374a43ae(created@2188719)"
"mn_addr_preprod1jqw2atm59rgnr22ft4et7lvptj2uwhmyq5z7suhhvk66vflln6gqjen4mw",3,3,0,2159625,2188719,"e6b18a6c297b172334eda551f6444bc3b6ffa1143ea262e88b0a2c8440f8f20d(created@2159625);05ea85e42996f19db751d1721d44f9aaaa38a4dde3d5fd09842a124c71c9ee82(created@2174157);f90460ea80cca197d4e796e8cfb9c4dae1d6a5b8b32269a98b722b3a374a43ae(created@2188719)"
"mn_addr_preprod1jrj778d3aygpzsvlf3p2j0kgne4aked3v6v2l6lq7fmfm8q3vxdsu5l0nf",3,3,0,2159625,2188719,"e6b18a6c297b172334eda551f6444bc3b6ffa1143ea262e88b0a2c8440f8f20d(created@2159625);05ea85e42996f19db751d1721d44f9aaaa38a4dde3d5fd09842a124c71c9ee82(created@2174157);f90460ea80cca197d4e796e8cfb9c4dae1d6a5b8b32269a98b722b3a374a43ae(created@2188719)"
"mn_addr_preprod1j9pggcmw438m9vkjzt8lmsszpn9umw7j5svp9yr4nx5jr3pdq3xsulezwz",3,3,0,2159625,2188719,"e6b18a6c297b172334eda551f6444bc3b6ffa1143ea262e88b0a2c8440f8f20d(created@2159625);05ea85e42996f19db751d1721d44f9aaaa38a4dde3d5fd09842a124c71c9ee82(created@2174157);f90460ea80cca197d4e796e8cfb9c4dae1d6a5b8b32269a98b722b3a374a43ae(created@2188719)"
"mn_addr_preprod1jnggv3fpwyy523wxd7s9efmp7xk5436mgsg00eyp07ysn6l2hlaswfxck5",3,3,0,2159625,2188719,"e6b18a6c297b172334eda551f6444bc3b6ffa1143ea262e88b0a2c8440f8f20d(created@2159625);05ea85e42996f19db751d1721d44f9aaaa38a4dde3d5fd09842a124c71c9ee82(created@2174157);f90460ea80cca197d4e796e8cfb9c4dae1d6a5b8b32269a98b722b3a374a43ae(created@2188719)"
"mn_addr_preprod1j7vz9av5vgn7cufdz2snpg96qpmd9mw669sjphjtr9qy73avefts6dan4d",3,3,0,2159625,2188719,"e6b18a6c297b172334eda551f6444bc3b6ffa1143ea262e88b0a2c8440f8f20d(created@2159625);05ea85e42996f19db751d1721d44f9aaaa38a4dde3d5fd09842a124c71c9ee82(created@2174157);f90460ea80cca197d4e796e8cfb9c4dae1d6a5b8b32269a98b722b3a374a43ae(created@2188719)"
"mn_addr_preprod1kpavhslkg8rxkvk62u2k43am4glx2nc886qh8yhjylr2c2dqag6s0ectks",3,3,0,2159625,2188719,"e6b18a6c297b172334eda551f6444bc3b6ffa1143ea262e88b0a2c8440f8f20d(created@2159625);05ea85e42996f19db751d1721d44f9aaaa38a4dde3d5fd09842a124c71c9ee82(created@2174157);f90460ea80cca197d4e796e8cfb9c4dae1d6a5b8b32269a98b722b3a374a43ae(created@2188719)"
"mn_addr_preprod1kg37t25f8a44ta6fgy5lml25llvtc0aefd5kyupjd0m7qtw27xrqljfycj",3,3,0,2159625,2188719,"e6b18a6c297b172334eda551f6444bc3b6ffa1143ea262e88b0a2c8440f8f20d(created@2159625);05ea85e42996f19db751d1721d44f9aaaa38a4dde3d5fd09842a124c71c9ee82(created@2174157);f90460ea80cca197d4e796e8cfb9c4dae1d6a5b8b32269a98b722b3a374a43ae(created@2188719)"
"mn_addr_preprod1k2guua97gcptllpe2343a28t2uwllerw3tqswzf4enw7s6hg89vsygv2fs",3,3,0,2159625,2188719,"e6b18a6c297b172334eda551f6444bc3b6ffa1143ea262e88b0a2c8440f8f20d(created@2159625);05ea85e42996f19db751d1721d44f9aaaa38a4dde3d5fd09842a124c71c9ee82(created@2174157);f90460ea80cca197d4e796e8cfb9c4dae1d6a5b8b32269a98b722b3a374a43ae(created@2188719)"
"mn_addr_preprod1ks8acejv8arqc9elelqpav9sktz968t0zlvujv0gaenn2rml58xqs74s9a",3,3,0,2159625,2188719,"e6b18a6c297b172334eda551f6444bc3b6ffa1143ea262e88b0a2c8440f8f20d(created@2159625);05ea85e42996f19db751d1721d44f9aaaa38a4dde3d5fd09842a124c71c9ee82(created@2174157);f90460ea80cca197d4e796e8cfb9c4dae1d6a5b8b32269a98b722b3a374a43ae(created@2188719)"
"mn_addr_preprod1k4wer92vnkgm0t699zasgg7l27nynj9eznj6ev4u7z9cftk6udws4p4na3",3,3,0,2159625,2188719,"e6b18a6c297b172334eda551f6444bc3b6ffa1143ea262e88b0a2c8440f8f20d(created@2159625);05ea85e42996f19db751d1721d44f9aaaa38a4dde3d5fd09842a124c71c9ee82(created@2174157);f90460ea80cca197d4e796e8cfb9c4dae1d6a5b8b32269a98b722b3a374a43ae(created@2188719)"
"mn_addr_preprod1kluyg5lpeun5jnkay0h5zma3qjv5f7zfwd0zzlwrruvgmvlc4ldsu27lhv",3,3,0,2159625,2188719,"e6b18a6c297b172334eda551f6444bc3b6ffa1143ea262e88b0a2c8440f8f20d(created@2159625);05ea85e42996f19db751d1721d44f9aaaa38a4dde3d5fd09842a124c71c9ee82(created@2174157);f90460ea80cca197d4e796e8cfb9c4dae1d6a5b8b32269a98b722b3a374a43ae(created@2188719)"
"mn_addr_preprod1hnusfqzjmw08vhtc96npfzc5tn5lghkw949ppl86d38ul2j3wr5qu9gvtq",3,3,0,2159625,2188719,"e6b18a6c297b172334eda551f6444bc3b6ffa1143ea262e88b0a2c8440f8f20d(created@2159625);05ea85e42996f19db751d1721d44f9aaaa38a4dde3d5fd09842a124c71c9ee82(created@2174157);f90460ea80cca197d4e796e8cfb9c4dae1d6a5b8b32269a98b722b3a374a43ae(created@2188719)"
"mn_addr_preprod1h7jj3gmakwsr6pph79xsctea45trhhxgw8vddyrmceh6actpv68qcn0emm",3,3,0,2159625,2188719,"e6b18a6c297b172334eda551f6444bc3b6ffa1143ea262e88b0a2c8440f8f20d(created@2159625);05ea85e42996f19db751d1721d44f9aaaa38a4dde3d5fd09842a124c71c9ee82(created@2174157);f90460ea80cca197d4e796e8cfb9c4dae1d6a5b8b32269a98b722b3a374a43ae(created@2188719)"
"mn_addr_preprod1l9lxj9p6whn5yglv2lsrp5lv5fgg6ztey42d4daynxrctzwt7m7sldg9y8",3,3,0,2159625,2188719,"e6b18a6c297b172334eda551f6444bc3b6ffa1143ea262e88b0a2c8440f8f20d(created@2159625);05ea85e42996f19db751d1721d44f9aaaa38a4dde3d5fd09842a124c71c9ee82(created@2174157);f90460ea80cca197d4e796e8cfb9c4dae1d6a5b8b32269a98b722b3a374a43ae(created@2188719)"
"mn_addr_preprod1l0cyusn2pzksuvj060qtvktz90sjhs0qtju40a88mcfxgm3vvt3sd9cce6",3,3,0,2159625,2188719,"e6b18a6c297b172334eda551f6444bc3b6ffa1143ea262e88b0a2c8440f8f20d(created@2159625);05ea85e42996f19db751d1721d44f9aaaa38a4dde3d5fd09842a124c71c9ee82(created@2174157);f90460ea80cca197d4e796e8cfb9c4dae1d6a5b8b32269a98b722b3a374a43ae(created@2188719)"
"mn_addr_preprod1ljxhcrjkm86ljlclqnmr2kyea3fkz7ke2w7rgw4clefw0a2s6pkqdyqg83",3,3,0,2159625,2188719,"e6b18a6c297b172334eda551f6444bc3b6ffa1143ea262e88b0a2c8440f8f20d(created@2159625);05ea85e42996f19db751d1721d44f9aaaa38a4dde3d5fd09842a124c71c9ee82(created@2174157);f90460ea80cca197d4e796e8cfb9c4dae1d6a5b8b32269a98b722b3a374a43ae(created@2188719)"
"mn_addr_preprod1lhme2vaqfez8mvp8x0kk93509enltecpclsdzy6smy0x2d2aj5qqfz5nn0",3,3,0,2159625,2188719,"e6b18a6c297b172334eda551f6444bc3b6ffa1143ea262e88b0a2c8440f8f20d(created@2159625);05ea85e42996f19db751d1721d44f9aaaa38a4dde3d5fd09842a124c71c9ee82(created@2174157);f90460ea80cca197d4e796e8cfb9c4dae1d6a5b8b32269a98b722b3a374a43ae(created@2188719)"
"mn_addr_preprod1qg0qghsrg3hv585mnyq9ma7w0jsdsd9m2agmghmqk0cyamkhjqpq4chatx",3,3,0,2159632,2188726,"f248bf04c17c49b2189bc9e2d4514b4d68c468a9c87e3a7801542b6c5b4c74f4(created@2159632);ab3b64d55b1fb9584329c3f8f8c4ee9da7f70b59f72bd5221b446fb7dc5b7822(created@2174164);1ed0f651c6d83437fd2746a70603e1a7b62b58cb66da9e04cf69a8a537c0437f(created@2188726)"
"mn_addr_preprod1qd2tzsqkpmvmt3tjk6lxxufgp3qna0uryh6gc0q986r3eve9xfgqxmz9z0",3,3,0,2159632,2188726,"f248bf04c17c49b2189bc9e2d4514b4d68c468a9c87e3a7801542b6c5b4c74f4(created@2159632);ab3b64d55b1fb9584329c3f8f8c4ee9da7f70b59f72bd5221b446fb7dc5b7822(created@2174164);1ed0f651c6d83437fd2746a70603e1a7b62b58cb66da9e04cf69a8a537c0437f(created@2188726)"
"mn_addr_preprod1zt6meyq6rhwqmnuzjavvc6hfaenys83lv0y4v34xkfk7ur96xh7q449n00",3,3,0,2159632,2188726,"f248bf04c17c49b2189bc9e2d4514b4d68c468a9c87e3a7801542b6c5b4c74f4(created@2159632);ab3b64d55b1fb9584329c3f8f8c4ee9da7f70b59f72bd5221b446fb7dc5b7822(created@2174164);1ed0f651c6d83437fd2746a70603e1a7b62b58cb66da9e04cf69a8a537c0437f(created@2188726)"
"mn_addr_preprod1zhxzu3866rp3n3z62kaz3nuegklzakt57un48wdmr5rcyhgeneuss4ulvg",3,3,0,2159632,2188726,"f248bf04c17c49b2189bc9e2d4514b4d68c468a9c87e3a7801542b6c5b4c74f4(created@2159632);ab3b64d55b1fb9584329c3f8f8c4ee9da7f70b59f72bd5221b446fb7dc5b7822(created@2174164);1ed0f651c6d83437fd2746a70603e1a7b62b58cb66da9e04cf69a8a537c0437f(created@2188726)"
"mn_addr_preprod1xgjc7j43azfna6y0pss9p72wfdljwwueyzrxk7hnunjtvz0xt6aqu5cvrc",3,3,0,2159632,2188726,"f248bf04c17c49b2189bc9e2d4514b4d68c468a9c87e3a7801542b6c5b4c74f4(created@2159632);ab3b64d55b1fb9584329c3f8f8c4ee9da7f70b59f72bd5221b446fb7dc5b7822(created@2174164);1ed0f651c6d83437fd2746a70603e1a7b62b58cb66da9e04cf69a8a537c0437f(created@2188726)"
"mn_addr_preprod1xevn3fkk7q2juccq83m5fhaetka8hlmc4chndfd68zh6g0eshfgqwakuec",3,3,0,2159632,2188726,"f248bf04c17c49b2189bc9e2d4514b4d68c468a9c87e3a7801542b6c5b4c74f4(created@2159632);ab3b64d55b1fb9584329c3f8f8c4ee9da7f70b59f72bd5221b446fb7dc5b7822(created@2174164);1ed0f651c6d83437fd2746a70603e1a7b62b58cb66da9e04cf69a8a537c0437f(created@2188726)"
"mn_addr_preprod1tjnzwwksz7adwd5e8upvq22g8s059lwk7gr998v5qxxmjzd76stqkh0nrj",3,3,0,2159632,2188726,"f248bf04c17c49b2189bc9e2d4514b4d68c468a9c87e3a7801542b6c5b4c74f4(created@2159632);ab3b64d55b1fb9584329c3f8f8c4ee9da7f70b59f72bd5221b446fb7dc5b7822(created@2174164);1ed0f651c6d83437fd2746a70603e1a7b62b58cb66da9e04cf69a8a537c0437f(created@2188726)"
"mn_addr_preprod1th0c3jt5h3kkt0salsvrhhu8zgrk209yz6r7jfpjk5v4k7fe2wcs3a5qyj",3,3,0,2159632,2188726,"f248bf04c17c49b2189bc9e2d4514b4d68c468a9c87e3a7801542b6c5b4c74f4(created@2159632);ab3b64d55b1fb9584329c3f8f8c4ee9da7f70b59f72bd5221b446fb7dc5b7822(created@2174164);1ed0f651c6d83437fd2746a70603e1a7b62b58cb66da9e04cf69a8a537c0437f(created@2188726)"
"mn_addr_preprod1vxcqm7m5hqfh0jsugz3kq74zpkjn2eztp5d9f0dce5td2rhdtjvsrypw33",3,3,0,2159632,2188726,"f248bf04c17c49b2189bc9e2d4514b4d68c468a9c87e3a7801542b6c5b4c74f4(created@2159632);ab3b64d55b1fb9584329c3f8f8c4ee9da7f70b59f72bd5221b446fb7dc5b7822(created@2174164);1ed0f651c6d83437fd2746a70603e1a7b62b58cb66da9e04cf69a8a537c0437f(created@2188726)"
"mn_addr_preprod1wpmdqyd4apg6lf460fqr6q6r9vanxj063x94znpe55ljz6mljhys6gpprj",3,3,0,2159632,2188726,"f248bf04c17c49b2189bc9e2d4514b4d68c468a9c87e3a7801542b6c5b4c74f4(created@2159632);ab3b64d55b1fb9584329c3f8f8c4ee9da7f70b59f72bd5221b446fb7dc5b7822(created@2174164);1ed0f651c6d83437fd2746a70603e1a7b62b58cb66da9e04cf69a8a537c0437f(created@2188726)"
"mn_addr_preprod1wyq3y7c78l05yzsa6p3pr8m6jldc3zgnftw6f0y8tkgeqf20y9qqlgj6pw",3,3,0,2159632,2188726,"f248bf04c17c49b2189bc9e2d4514b4d68c468a9c87e3a7801542b6c5b4c74f4(created@2159632);ab3b64d55b1fb9584329c3f8f8c4ee9da7f70b59f72bd5221b446fb7dc5b7822(created@2174164);1ed0f651c6d83437fd2746a70603e1a7b62b58cb66da9e04cf69a8a537c0437f(created@2188726)"
"mn_addr_preprod1w0wzuadevqfp94ykzfz78atw3688qn3u67d2329gjd4vezjasqvqfzga9e",3,3,0,2159632,2188726,"f248bf04c17c49b2189bc9e2d4514b4d68c468a9c87e3a7801542b6c5b4c74f4(created@2159632);ab3b64d55b1fb9584329c3f8f8c4ee9da7f70b59f72bd5221b446fb7dc5b7822(created@2174164);1ed0f651c6d83437fd2746a70603e1a7b62b58cb66da9e04cf69a8a537c0437f(created@2188726)"
"mn_addr_preprod1whr4fufsgrkkearqf26hn0a5fgxmsc92rj6uz6wftgvh38ltl86qe5u6u8",3,3,0,2159632,2188726,"f248bf04c17c49b2189bc9e2d4514b4d68c468a9c87e3a7801542b6c5b4c74f4(created@2159632);ab3b64d55b1fb9584329c3f8f8c4ee9da7f70b59f72bd5221b446fb7dc5b7822(created@2174164);1ed0f651c6d83437fd2746a70603e1a7b62b58cb66da9e04cf69a8a537c0437f(created@2188726)"
"mn_addr_preprod1ssajqv6je52cp7dmgylkmhs8mm8qwf6dfvla724uhx7cggk36p2s0qhg9d",3,3,0,2159632,2188726,"f248bf04c17c49b2189bc9e2d4514b4d68c468a9c87e3a7801542b6c5b4c74f4(created@2159632);ab3b64d55b1fb9584329c3f8f8c4ee9da7f70b59f72bd5221b446fb7dc5b7822(created@2174164);1ed0f651c6d83437fd2746a70603e1a7b62b58cb66da9e04cf69a8a537c0437f(created@2188726)"
"mn_addr_preprod1sj23usvgua8uw8cven7rydmmhl65usj2h2dtd50d7he39f2mzjqq84zz98",3,3,0,2159632,2188726,"f248bf04c17c49b2189bc9e2d4514b4d68c468a9c87e3a7801542b6c5b4c74f4(created@2159632);ab3b64d55b1fb9584329c3f8f8c4ee9da7f70b59f72bd5221b446fb7dc5b7822(created@2174164);1ed0f651c6d83437fd2746a70603e1a7b62b58cb66da9e04cf69a8a537c0437f(created@2188726)"
"mn_addr_preprod1n9vmuf7tdk5g72hwt28frgmrjsp2em83ey0vpg0e38g24v35wz2s9ffg28",3,3,0,2159632,2188726,"f248bf04c17c49b2189bc9e2d4514b4d68c468a9c87e3a7801542b6c5b4c74f4(created@2159632);ab3b64d55b1fb9584329c3f8f8c4ee9da7f70b59f72bd5221b446fb7dc5b7822(created@2174164);1ed0f651c6d83437fd2746a70603e1a7b62b58cb66da9e04cf69a8a537c0437f(created@2188726)"
"mn_addr_preprod1mrpu94s7y5damc6pkwk6tp5z8ee5jhtw7zy8e7mg7n23jmlmksks8ujn8m",3,3,0,2159632,2188726,"f248bf04c17c49b2189bc9e2d4514b4d68c468a9c87e3a7801542b6c5b4c74f4(created@2159632);ab3b64d55b1fb9584329c3f8f8c4ee9da7f70b59f72bd5221b446fb7dc5b7822(created@2174164);1ed0f651c6d83437fd2746a70603e1a7b62b58cb66da9e04cf69a8a537c0437f(created@2188726)"
"mn_addr_preprod1mn0zd8dyjtnnhlt8vav5gq2486kpcnn586kp88hjphdzlqrzzmvqheaj6v",3,3,0,2159632,2188726,"f248bf04c17c49b2189bc9e2d4514b4d68c468a9c87e3a7801542b6c5b4c74f4(created@2159632);ab3b64d55b1fb9584329c3f8f8c4ee9da7f70b59f72bd5221b446fb7dc5b7822(created@2174164);1ed0f651c6d83437fd2746a70603e1a7b62b58cb66da9e04cf69a8a537c0437f(created@2188726)"
"mn_addr_preprod1uh0v6detkndvgcvljkvazemmwaacccqg4wl4ddw07x59qgyshj6qr7f6w0",3,3,0,2159632,2188726,"f248bf04c17c49b2189bc9e2d4514b4d68c468a9c87e3a7801542b6c5b4c74f4(created@2159632);ab3b64d55b1fb9584329c3f8f8c4ee9da7f70b59f72bd5221b446fb7dc5b7822(created@2174164);1ed0f651c6d83437fd2746a70603e1a7b62b58cb66da9e04cf69a8a537c0437f(created@2188726)"
"mn_addr_preprod1u7gpe768gz4xzvjnnjzjhdy8jy8c0dfjqqrqymps0fgl9h8xlymsjmprga",3,3,0,2159632,2188726,"f248bf04c17c49b2189bc9e2d4514b4d68c468a9c87e3a7801542b6c5b4c74f4(created@2159632);ab3b64d55b1fb9584329c3f8f8c4ee9da7f70b59f72bd5221b446fb7dc5b7822(created@2174164);1ed0f651c6d83437fd2746a70603e1a7b62b58cb66da9e04cf69a8a537c0437f(created@2188726)"
"mn_addr_preprod16kkunx8dhlhehezfuzypg2u2dvqrqwpz0pd7eaezfc2kneha0hdqqn93pd",3,2,1,2161215,2161870,"9282a54df61dbf9eb613d9fb1d95e8cf877e8dd85944e499fed10fa592fd0fef(created@2161215);d8fbe472f551e675a8d9563301acb60024ce3c17af183c14c2b0bfbd23fe5f9f(created@2161870);d8fbe472f551e675a8d9563301acb60024ce3c17af183c14c2b0bfbd23fe5f9f(spent@2161870)"
"mn_addr_preprod1j39d7zya6tr92029nf5jnwt3yvzlslsms33nfqcg87d0r0vjcyps9hyp6y",3,2,1,2166409,2173590,"3ba688a3261819c2e4a5d4145e7b6b0e182ace6d55b81e73085c86bc4e9d2d6e(created@2166409);f0638ddfca2d1d979659d83aec6511d7c8aff84bed3d0948257c2b9564188134(created@2173590);f0638ddfca2d1d979659d83aec6511d7c8aff84bed3d0948257c2b9564188134(spent@2173590)"
"mn_addr_preprod13hnqsz2pmvhv9lc9cfww0vhrm60v3nxu0rhdmktwd2yngd0ntl9q9cnjaj",3,2,1,2166568,2166568,"f9eb6845fea0759bafaf2032167aeff324d4a6b65b67e8d6a9ac2bf618209b46(created@2166568);f9eb6845fea0759bafaf2032167aeff324d4a6b65b67e8d6a9ac2bf618209b46(created@2166568);f9eb6845fea0759bafaf2032167aeff324d4a6b65b67e8d6a9ac2bf618209b46(spent@2166568)"
"mn_addr_preprod1cyaaq6y8h9ktpq7ge4k5fh9zrehdfq6hthze5drg34xkrdcd7d6s4fkl0g",3,2,1,2167397,2178061,"a1e05efb60dd995a729085400a7860bffd8c8db681c3278b1804ef1d5f35db5b(created@2167397);bcceb19d667f334678ec129d4075d2bbd429dc292ba3d82e14cce4dcf1cdf44f(created@2178061);bcceb19d667f334678ec129d4075d2bbd429dc292ba3d82e14cce4dcf1cdf44f(spent@2178061)"
"mn_addr_preprod13z0zxw7ess9ytx432qpmz6ldj9tv9ul58ltn4983pd9d3gvr0lzqhl34cr",3,2,1,2168143,2168143,"e93c64792d053f5b52bdc68269d0c865d1ac0b83c6106cd022109528b895ad7c(created@2168143);e93c64792d053f5b52bdc68269d0c865d1ac0b83c6106cd022109528b895ad7c(created@2168143);e93c64792d053f5b52bdc68269d0c865d1ac0b83c6106cd022109528b895ad7c(spent@2168143)"
"mn_addr_preprod16tu3xc5yngyk7a4zarknjv02fxfyrvq653jkdcau2d7shpkzr0lq69r8em",3,2,1,2168519,2168519,"bc390baad74caed717738d7af3dfdc62ca256e842489fb7f222a5e6ea835cc73(created@2168519);bc390baad74caed717738d7af3dfdc62ca256e842489fb7f222a5e6ea835cc73(created@2168519);bc390baad74caed717738d7af3dfdc62ca256e842489fb7f222a5e6ea835cc73(spent@2168519)"
"mn_addr_preprod1459k56n5utwe9xse5xncwrgw0thk4hsqpnaca36netxxh9vpamvqarq6qu",3,2,1,2168678,2168678,"31b2a16dc7f2b3adc1d958b7c39e355411d813fba7468b50c7e63556523bd850(created@2168678);31b2a16dc7f2b3adc1d958b7c39e355411d813fba7468b50c7e63556523bd850(created@2168678);31b2a16dc7f2b3adc1d958b7c39e355411d813fba7468b50c7e63556523bd850(spent@2168678)"
"mn_addr_preprod1kp696u05ea2spak3syz6wwfext7dqwcnkk5aj62ct5g4aeumtk4qkm7ymz",3,2,1,2169727,2169900,"6357f257b39225145b444f0de0da0e177cb108daf416f19213875886eb394780(created@2169727);8a74c0b1ea424d31531fda34bdbee9d38ea92250d7538db72030c492170fbc7c(created@2169900);8a74c0b1ea424d31531fda34bdbee9d38ea92250d7538db72030c492170fbc7c(spent@2169900)"
"mn_addr_preprod1ysjedxszjuzcksj6vythnrl7gkmtg2lze4s529l08wnatllz6u6su5j3pk",3,2,1,2171257,2171371,"72555d88f9260209656c6373a753bb7aebbcab60ac08c8e6439486c01d941bf8(created@2171257);f0af1373945bc23f3280f465a2c457551dd6c999e76ff7f9e2f39b52d2de065c(created@2171371);f0af1373945bc23f3280f465a2c457551dd6c999e76ff7f9e2f39b52d2de065c(spent@2171371)"
"mn_addr_preprod1tqfgde8vwcs55uphdrt7suzwd57x35y8rcf4upkqjemypy0y50kqwhmr3j",3,2,1,2171728,2171749,"02e72ebadd3275ee8e72d45224f7a15dde0ccd24aba128e6468b40da6a50133b(created@2171728);7137a60289080b839ef3fea557d8b7da23d7f7c49c96b93132a24a6f7d19f610(created@2171749);7137a60289080b839ef3fea557d8b7da23d7f7c49c96b93132a24a6f7d19f610(spent@2171749)"
"mn_addr_preprod1qw986g7d2hx35u237672j0fr38eacad9ns6uf5ewrphmgptda6zq2ssx95",3,1,2,2173757,2173757,"2cba1f996dbd43a4ccaae982411e76b53cb827291f5e3caef7d5c85e0d596af4(created@2173757);2cba1f996dbd43a4ccaae982411e76b53cb827291f5e3caef7d5c85e0d596af4(spent@2173757);2cba1f996dbd43a4ccaae982411e76b53cb827291f5e3caef7d5c85e0d596af4(spent@2173757)"
"mn_addr_preprod1553x5xqz0678j0599uclxz2k5mf0pdxwfqp460s3uaxqkkvhddmq9n7dz5",3,2,1,2175719,2175736,"bb1b7f5f9f7443ee5cad3b94d482aaab0f5742f37b4c98bbaae662649b2848a5(created@2175719);b2c10376d06687a9fb7fd10fc66dd4daf6be1d42b3398a5f5f8b459e98e2a2f4(created@2175736);b2c10376d06687a9fb7fd10fc66dd4daf6be1d42b3398a5f5f8b459e98e2a2f4(spent@2175736)"
"mn_addr_preprod10epzlu7w0vpslfd8q7w0y0rdpeupxa3y8rckqqk36ljymhlvkq8sxdx664",3,2,1,2177192,2187771,"29a32ee7949b6f1effc4e01a3160fd56d4fddc7af904de312c725408546ab3d8(created@2177192);6acdeacb729fbc8a689ad4ca68230ff16dd0b981cebf21417f05cec0913c70a5(created@2187771);6acdeacb729fbc8a689ad4ca68230ff16dd0b981cebf21417f05cec0913c70a5(spent@2187771)"
"mn_addr_preprod1nu5qa35f2tv7cz780p528su9dr3njrqej77zg4x9z8tylps2v0gs0qw2wd",3,1,2,2177971,2178344,"47972f70806300017bf7f28b2746143b6654b9a2e015bb5ae48752127fd2950b(created@2177971);47972f70806300017bf7f28b2746143b6654b9a2e015bb5ae48752127fd2950b(spent@2177971);f4ed0943242f34e452dbef9ae8847ddb7dbdcedcd97a8bc02b02a0a467e00c2b(spent@2178344)"
"mn_addr_preprod1083h3jhtck7vqk24tz8q5nn49y8hrqvq7npsmna3lgfs0uhys95qf5klvs",3,2,1,2178344,2178355,"f4ed0943242f34e452dbef9ae8847ddb7dbdcedcd97a8bc02b02a0a467e00c2b(created@2178344);cbe2f73dafb49864701c1abe5ba8327806b73483667747c2cbe6e76d4599292a(created@2178355);cbe2f73dafb49864701c1abe5ba8327806b73483667747c2cbe6e76d4599292a(spent@2178355)"
"mn_addr_preprod1jhvx80tesaxw8l9xx8f0ucwqqq2pxpgm9f6qvfhwdlt9ktl27zkqhwgmmn",3,3,0,2179926,2179932,"94fad291dabae467e11b3ea257c24092d7689be6901e6522735dfbbd74a433aa(created@2179926);427fa2208d2b9999a5b2b8683c555edc362ef4b7e8f1d68976fef6f4bed584e9(created@2179929);b3cfee620bd9b9b29c19b5c64df12c2cd31da1cc60c500628e7b2b75d9674ef6(created@2179932)"
"mn_addr_preprod152xkl0t2tet25l0n08xkgzsfe907stqw45qj04nq08l8qsd4lcfqm55c9r",3,2,1,2180609,2180617,"a7116eb2c7f10537bcaeefcff21762b0668b271991c8bfc51c89489c359b054f(created@2180609);fa680d7237e925479ff090b9ad0c8fd56f1e6389fec43dcc43e531b1408c1e5c(created@2180617);fa680d7237e925479ff090b9ad0c8fd56f1e6389fec43dcc43e531b1408c1e5c(spent@2180617)"
"mn_addr_preprod1ma78krecrj745a6dv0qy4uttl2zdhgn6y733ftdsqjpm78rxzxzsze52k4",3,2,1,2182628,2182628,"6b3530937c036acddeb862d25aa3dd08944dc00541cc70f9d14776bd134675a5(created@2182628);6b3530937c036acddeb862d25aa3dd08944dc00541cc70f9d14776bd134675a5(created@2182628);6b3530937c036acddeb862d25aa3dd08944dc00541cc70f9d14776bd134675a5(spent@2182628)"
"mn_addr_preprod1scu6gyjyv4vpr90y79cwpg4getdwsmpdku0rhg6cf4genmw88ttsgymq2r",3,2,1,2182655,2182655,"8842ea5fcf7777452726f36289b8f300c9160a4c6afacf508acee7be7f0badb6(created@2182655);8842ea5fcf7777452726f36289b8f300c9160a4c6afacf508acee7be7f0badb6(created@2182655);8842ea5fcf7777452726f36289b8f300c9160a4c6afacf508acee7be7f0badb6(spent@2182655)"
"mn_addr_preprod1rw0z0gwyen6exyqcphj9zdzp8ug8g4ay4kt8d6um4w2kh9zyuj8qxuhgmd",3,2,1,2182713,2182713,"acd00ef51db3e352b82e5bfade20844a881295d3dd19bbe8dfb688622acdb565(created@2182713);acd00ef51db3e352b82e5bfade20844a881295d3dd19bbe8dfb688622acdb565(created@2182713);acd00ef51db3e352b82e5bfade20844a881295d3dd19bbe8dfb688622acdb565(spent@2182713)"
"mn_addr_preprod1wzxfuwprj82pznasfw5q523h5lf0vl6xqwk9ylyfra9xsuchh42s97vm8u",3,1,2,2183590,2198367,"d754691cf2a636c1881e3d24ab8a7175bb9cc6acf26c2093df84ed6e047aa096(spent@2183590);230fc4b7e6409e00195cd2ac3bb0b925d79286abd94154f5291d5fdc86ef5673(created@2198367);230fc4b7e6409e00195cd2ac3bb0b925d79286abd94154f5291d5fdc86ef5673(spent@2198367)"
"mn_addr_preprod1vl4fdpf3c846t8uxga2vp03vfu5r2p0wshy7r6npdnqgd0cqnwrqzrxsdk",3,2,1,2183613,2184857,"4fca112fbb6e211dcf9b446d6627e8a4057b6bf890b794b840f2f625dc1059f3(created@2183613);7b24a5faf2442cc2d3711de00cec3ac5105a7e8b60767b75a77d1873e1aa0136(created@2184857);7b24a5faf2442cc2d3711de00cec3ac5105a7e8b60767b75a77d1873e1aa0136(spent@2184857)"
"mn_addr_preprod1h5hyu634l23eazmrg9rggw445nty7r25e7w4d37py0g60j5jwacsh6hlp2",3,2,1,2184286,2184286,"eec4549206b57864104931310dfd91e42d4808803fd2152c6c2bcdd98a71a016(created@2184286);eec4549206b57864104931310dfd91e42d4808803fd2152c6c2bcdd98a71a016(created@2184286);eec4549206b57864104931310dfd91e42d4808803fd2152c6c2bcdd98a71a016(spent@2184286)"
"mn_addr_preprod1ftwzw8ul05n3u7cd0kcxuflhutvx45g65vfaljdvaq60x9nueqws6vf8gj",3,2,1,2185939,2185947,"13cf3844a6d54f951821d35b1c79e262c9be3c2bf0ff035b66acf9a2bb8512a4(created@2185939);7aabc0393236e7bbef1b51ed002f2d9e33479c1e6c70f9fff6ba2581a83ec945(created@2185947);7aabc0393236e7bbef1b51ed002f2d9e33479c1e6c70f9fff6ba2581a83ec945(spent@2185947)"
"mn_addr_preprod1w220ycgucxumre32zajlf6feyec4xffrkld4n394qclaqmky76zqwq08zq",3,2,1,2186067,2188608,"00262c23a3cd458ab9001f6534b209392e68bfd7b643ed90e60f0cf0cbeac652(created@2186067);aee1f2ff8a80f4fd525b81b16642d11010187d606e465003f70eeb240c579ca1(created@2188608);aee1f2ff8a80f4fd525b81b16642d11010187d606e465003f70eeb240c579ca1(spent@2188608)"
"mn_addr_preprod125dcrdsalkkhl5nf8mr4t0gv0y4sjjt6nl0f5dcxes43wqyxrlfqunh3gf",3,2,1,2187161,2187378,"28535dee8c93ee25aae327b6096f2560f047e6c26f337dc3fea643dc5a1abd8a(created@2187161);11d1149082addbfe20e2d95a158e2a4af8d9ab9ae212015d093d0678898c283e(created@2187378);11d1149082addbfe20e2d95a158e2a4af8d9ab9ae212015d093d0678898c283e(spent@2187378)"
"mn_addr_preprod18wamwrxwvre5etmy6vg4x20yyhaqxqcgkw96c7va25v7a9cmjd3qvskk39",3,2,1,2189909,2189913,"26eb0e1432b51b880c71a5a66b4998523f785311a2aa592821c6da9df6577f3c(created@2189909);26eb0e1432b51b880c71a5a66b4998523f785311a2aa592821c6da9df6577f3c(spent@2189909);e3fe10dafbd62e44f1daade971854dc9628ff98a44f520f97014f53fd569c608(created@2189913)"
"mn_addr_preprod1u8pjgvlghp4jgmqcajflyvxkx5pv3qk722hqkpaeryn5ds8tadfqem6c2f",3,2,1,2189976,2190022,"0bd767f55b1dff8c9780efa6957d69ca166f49a62f0e5e7f406437c7ed89c5e9(created@2189976);74d8df3062bc8d0f8e68cd97d7785e570ecbe52fe2f73b93e36a633abe622b39(created@2190022);74d8df3062bc8d0f8e68cd97d7785e570ecbe52fe2f73b93e36a633abe622b39(spent@2190022)"
"mn_addr_preprod1ww7a654z4mng2ecz5efmr8lttjsv7e50urnhzdsmrdlmjt6vs3zsjp8jfg",3,2,1,2193764,2195454,"5c18fe5a29b1ae046148eface652f3b20d5fdfd9dbdda97bb3139c94e828d56d(created@2193764);5d39627ec9172b1dede0a9771b0cc80192e46e7cd366fd311eb341c8b7a6812f(created@2195454);5d39627ec9172b1dede0a9771b0cc80192e46e7cd366fd311eb341c8b7a6812f(spent@2195454)"
"mn_addr_preprod1swmsrh7rwxjscqu9xztde92s50m349lmrsrhdnhc5cca4u66x8gscvvmcq",3,2,1,2193775,2195715,"d75a14cd790b75525aa84c2d8a17bde9f5be1d5514c45679497ff1f3f810175a(created@2193775);ee35d65cb7f29ddbe11bfb2df74acd734529fa74173b9d1aabf30a50f9c084c4(created@2195715);ee35d65cb7f29ddbe11bfb2df74acd734529fa74173b9d1aabf30a50f9c084c4(spent@2195715)"
"mn_addr_preprod1cdnttepjx6n3rzklsvh69dx8q8cudkyyxfywl9p4q7s7gs2x2ucs296sp0",3,2,1,2193781,2195976,"33b684b3ca35bef22f63b98ae838976c04fabd840cf9e3d1a2adbfcd60d0ff60(created@2193781);91dcd6f1410fb1069e5320616b868c6ea9cf52a6c9c0c49167f39dbefb40730c(created@2195976);91dcd6f1410fb1069e5320616b868c6ea9cf52a6c9c0c49167f39dbefb40730c(spent@2195976)"
"mn_addr_preprod1xzej9p78pa65rywz4085z9ee75wanmq7gq5k88alrm3j6q8p3wzsr5gtj4",3,2,1,2195474,2197385,"771d8c9c90dd53c00948fd3bc1443cdd3fdbfcfbbc66c56917d343904795bf4e(created@2195474);00e4cbcf51d5bf9fb357664ae87b4610b172f8e521d0f6a5777f073a543c24e4(created@2197385);00e4cbcf51d5bf9fb357664ae87b4610b172f8e521d0f6a5777f073a543c24e4(spent@2197385)"
"mn_addr_preprod1eazll03mfrqr6hz7hl6agnxlmsjzmc6uzuge7p98ylfxa65f8dvsw5fy5n",3,2,1,2195930,2195997,"9fc48fdc44e45e4a9f015c58d3a1c9bfb8f502dc793039675c6aae89a8469f27(created@2195930);80929a552a6e729b50abca14db7de7e25f754fd40b09bdaca04a89ada3d964ce(created@2195997);80929a552a6e729b50abca14db7de7e25f754fd40b09bdaca04a89ada3d964ce(spent@2195997)"
"mn_addr_preprod1a4tj7yyymj7vcwjh4tzmnxsav56dfdhqvwfeshwdj766l6e5r8pqqhkrjr",3,2,1,2196097,2196097,"9689ed9d6e25cc2e17bda2a15a3d26e06b49554204d00d9ae5460511c4f39c30(created@2196097);9689ed9d6e25cc2e17bda2a15a3d26e06b49554204d00d9ae5460511c4f39c30(created@2196097);9689ed9d6e25cc2e17bda2a15a3d26e06b49554204d00d9ae5460511c4f39c30(spent@2196097)"
"mn_addr_preprod1d990mj085tc0essfpplgx9rfv0ud94m736vhsf6xa945rxfuzfsqc847k2",3,2,1,2197411,2197411,"7cb302d3823653a7b9be6c214ed2e604c87e265885f884834d65449effda50c1(created@2197411);7cb302d3823653a7b9be6c214ed2e604c87e265885f884834d65449effda50c1(created@2197411);7cb302d3823653a7b9be6c214ed2e604c87e265885f884834d65449effda50c1(spent@2197411)"
"mn_addr_preprod1rtd7peg3h2v0zuvde6twaazy5awlpwt04lgugs9jrfd5x4rgnlrsva9xpu",3,2,1,2198453,2199049,"cf7a13875de1da5f76b8b1d069fd163375d2262f1c564240e8d3a7f0cf7e92d2(created@2198453);e8bbb82fc1d84f4c6a5d30e67b971d6928bc4d843ae3b81ba539548ca8294f3b(created@2199049);e8bbb82fc1d84f4c6a5d30e67b971d6928bc4d843ae3b81ba539548ca8294f3b(spent@2199049)"
"mn_addr_preprod19y3gmntk8pjs25z8dx3ng5zm5vn79haq80a87u72l8nyaxc4238q707udd",3,2,1,2199534,2200135,"f6455add128bb5b9a3effa5f1e1a5e0fd41861680b0ec4acbfb06212e96ca4da(created@2199534);84e2978286d07f5df0b2469446b5e19d0f717dc056e4ba7a0e204b4db86b4993(created@2200135);84e2978286d07f5df0b2469446b5e19d0f717dc056e4ba7a0e204b4db86b4993(spent@2200135)"
"mn_addr_preprod1q00s8z43z630vdlq39a6dehsyxz2uhq28sggr47ra640j76eyxvq7v4zra",3,2,1,2200255,2200262,"577fa8c0f014f423452e0095221e3fcca899c0b7f2e58a05053f0dba61767298(created@2200255);b256e8cc45c44da7f08ab7e2113997eddb384d0b1e40b7d3c124a50add2e4925(created@2200262);b256e8cc45c44da7f08ab7e2113997eddb384d0b1e40b7d3c124a50add2e4925(spent@2200262)"
"mn_addr_preprod1xnqhstucujpmy6d5gez567ef3d0jflqnwzt0gv5hdzhvl2cxl77qw8veuw",2,2,0,2148722,2148736,"d1d0c86e8d4358c72370a8c9ad985e1a20b98ac606f470db261602ce3ad839c2(created@2148722);3c477d85cc73009c0d4533c6ab15475327d69eb606835a938f3bf0d108d25c4c(created@2148736)"
"mn_addr_preprod1cg34qzzvqkdu42crr0r9w8aql2trh7kfv8pnpcedndw4kex7pecs9afl4h",2,2,0,2151342,2195079,"d18550b0cb5a2bd381e74dd9dbfaf2a02d89653e74afb1c735f1a7cce1c4b954(created@2151342);0a0bc340ae93b3a2a22fc10358a9818c51a23e0318152b576e593486d55dac8e(created@2195079)"
"mn_addr_preprod1af929gssxcwm2av9zh63usqn3s84wl88pgtskraqu8jlsy00rl4qa9t7wt",2,1,1,2154301,2154301,"e33d2b39d12233042d34ae1a74bdeda699ba8c87d47a61dfe4b574b52b894afd(created@2154301);e33d2b39d12233042d34ae1a74bdeda699ba8c87d47a61dfe4b574b52b894afd(spent@2154301)"
"mn_addr_preprod1nk2gvv5ydy9rm8p9vzad96aenl8uhnut87mr55e0fk3r3edx7uzsrmqlsj",2,2,0,2156832,2157012,"d5d02b0ec363bd75e88b32d26319e5d5dd5a0b811fa18cdd6e331921546bdebc(created@2156832);d15a2d28b463b09b2cbe2adbb649b35497bab786122a19420f5ad8bae923e705(created@2157012)"
"mn_addr_preprod1m54y0gtxfzwyr9u7hn3duuxp8r4pdf5ncexv3u3g6dyj0f4leyxs38p6u5",2,2,0,2156884,2170302,"c850089f4f1b78b2d75155bb3df0d5bf85605fe8b5c0801c3c3eb411e584f7b5(created@2156884);d86a7e37f257ebfeeaf5cd69614a5ed31cfdda505ddc6713cc43622a880c1d2d(created@2170302)"
"mn_addr_preprod10c52k8l65wtj7cepsl70qmvjq88gpc6prjkyynurcxdqauq08x8sx6uzcc",2,2,0,2157573,2157579,"04c202f336f4f720412531a07ef16714ea68612a456a3e195cbfc57d0dc61b2b(created@2157573);4e8d0c10db8da9b590a0006666a62fa63ba4f4024ecfce095b971de4afc6bbbe(created@2157579)"
"mn_addr_preprod103ynyzt3ds5cd2wljmcycnlmvyqtjnxaj4r29mjrfnparn8v96rqv97ghw",2,1,1,2158471,2158471,"0cedc4c60846f5328db64cb38d60ea54377e598f33cfe2620f3f159c5d6c33a4(created@2158471);0cedc4c60846f5328db64cb38d60ea54377e598f33cfe2620f3f159c5d6c33a4(spent@2158471)"
"mn_addr_preprod1rl42xurdklavjyzz03ahlpcf4anekzdrs50d28nda3k9r4n8tsvsu8zadl",2,1,1,2159993,2159993,"16ea4630363be219893386b6107b8019be422bb82e9cf9a6f727801cef18c093(created@2159993);16ea4630363be219893386b6107b8019be422bb82e9cf9a6f727801cef18c093(spent@2159993)"
"mn_addr_preprod1phl4uycpvl0lztevve4zahl47ja6tp8qr4p5l5l3a8gtvls2c9mstlewr2",2,2,0,2161597,2178965,"7f4eaad489d9a5ff56bddb78cfa41d3e29d2282eeda63c02d7195080561c4852(created@2161597);b751b3c5f00ebe5130a26d015d8bca0e991a5d431eb3f8c9cb66c33809c44730(created@2178965)"
"mn_addr_preprod1xq0qkf9jr4f6c6a9pfpkx0v37wm0srcr3wqe3y9gns6vuvq7xd2s098tud",2,2,0,2164984,2195468,"3020be2a961bfd06313e4289125ad55847e8ba4be23c027d91c10acc1b79aa49(created@2164984);45dd7e4727ad63a4257eb64a4a2995879e2242e762dfdb3c4f97abbe8e801e17(created@2195468)"
"mn_addr_preprod1x7slvm8mlk9zjhqmevaty7ym5u3dvweec8eke0ekhhqmdl8rncsqftlk8z",2,2,0,2165092,2194658,"c8b1c9b850bafcdf41e79f33fabaeeaba02b3c398f7630730010a1f215d83ff5(created@2165092);a5349b1270f0aef03858fae54a25d6ebb5297e9ac4e1afa4a1cba7fc4a17005a(created@2194658)"
"mn_addr_preprod18gteu7fpc4caupx4k3eu6fqfmrnuleyk4j0854r5ftt7dzu9h7dqch7h40",2,1,1,2167287,2167287,"1f8b98b3d5787692a5b54df26a2779518651ab87055c7411745d8ea1c2a6916a(created@2167287);1f8b98b3d5787692a5b54df26a2779518651ab87055c7411745d8ea1c2a6916a(spent@2167287)"
"mn_addr_preprod1u5xv77gcwxtj796nwp4nlxq9f3mzmtv9k8sa6wupct73wyq7pjmqk7upwz",2,1,1,2168204,2168204,"6787593792a60cd22c45dd5f628093376f36e5ab1fb93224b4de184c9ae67075(created@2168204);6787593792a60cd22c45dd5f628093376f36e5ab1fb93224b4de184c9ae67075(spent@2168204)"
"mn_addr_preprod10t3vqqq2puxt455u0u03ayrgnk58qz7d30yncn5ehmgcdf5f8e8sx0e2k2",2,1,1,2169045,2169045,"dddbe8ebde6b8b42cb42ad96bb3944cf01e700888ad5ff21d0d60278f815dc42(created@2169045);dddbe8ebde6b8b42cb42ad96bb3944cf01e700888ad5ff21d0d60278f815dc42(spent@2169045)"
"mn_addr_preprod1kh5q79qd9jmeq3d78fv0nzfl7m67leprfxe3ktf0zp27ss9jqqxs8f9yf0",2,1,1,2169227,2169227,"f9dd2b4e1e0a9c07ed63a18c4398f57d27edbd51ff70e0147cc3609959e265b7(created@2169227);f9dd2b4e1e0a9c07ed63a18c4398f57d27edbd51ff70e0147cc3609959e265b7(spent@2169227)"
"mn_addr_preprod16r8g2clhyjxh9muftxu6ns8t9x5uaxne48mwxwutu7jefmuv8yvspjudld",2,1,1,2172960,2172960,"a0a08d622de498b03d7777adac4d125fbdc1d911a2962392eeab46b88794cb53(created@2172960);a0a08d622de498b03d7777adac4d125fbdc1d911a2962392eeab46b88794cb53(spent@2172960)"
"mn_addr_preprod1h4lh38nd0gut8q4g590w678v9udgr0mc6uj2fs7vkcuspd488x3sv2nd9v",2,2,0,2173207,2173352,"e40d421dee4522bef62ed7531b2ed1054e120677de9c1c01f7c1a4c79042b8f7(created@2173207);68c9a6bce3ed9e3485ca357490ff53383f3bb8c6acaa77e4ccbf21726e59ea30(created@2173352)"
"mn_addr_preprod1vye3dny53vt9qcmckyrddwq9fd69s2gg89p9n3jcshjuqmwq39yshskf6g",2,1,1,2173288,2173288,"9e164c96723ca2d083762bf7195c7b19510a59b8aacc0b01ffbf73ae77e3c990(created@2173288);9e164c96723ca2d083762bf7195c7b19510a59b8aacc0b01ffbf73ae77e3c990(spent@2173288)"
"mn_addr_preprod1xp0qd4706mltwlyqdlw22n4ygddxtrtkmxkrr2m8kfcw6syttdwqs89smn",2,1,1,2175372,2175372,"0765f4ee6e014b5b4b0c79ca85a59b6ef017c66384a395d9a755cba3ddfbebc6(created@2175372);0765f4ee6e014b5b4b0c79ca85a59b6ef017c66384a395d9a755cba3ddfbebc6(spent@2175372)"
"mn_addr_preprod1s27ut8jhrcxnfmcrsjr2xdpldgvfqsf7p85cj9756r62tf47n9usvfxfy6",2,1,1,2179193,2179193,"a219586175989cfb857ebb83bbd5186c34113e603a90971ea5d1f4a19995827f(created@2179193);a219586175989cfb857ebb83bbd5186c34113e603a90971ea5d1f4a19995827f(spent@2179193)"
"mn_addr_preprod1z6m3ew2fz6kclejvlmm7tjc6pz2jh6psngf904l7qaxs9lz9fk0syhrtsy",2,2,0,2180863,2180870,"8b4cff54d7bd7d255def56ebd7a7a95e2d7cfec5c02cb581f78c314b53c8e0a7(created@2180863);1e0c23e909c11105c59b1bc5aedcbb0d81d87c5b9138c142a976dbcbe54e901a(created@2180870)"
"mn_addr_preprod1hdkyxfj9xuqht0s2h4rus36jmtlypr4n9x880h2dfqxdh0mlwkwqe2l99q",2,1,1,2183360,2183360,"644e4d2bcec034696bacbae0f97be85601e221550f84e091891954b09e1f60d9(created@2183360);644e4d2bcec034696bacbae0f97be85601e221550f84e091891954b09e1f60d9(spent@2183360)"
"mn_addr_preprod1msur7r7nrpmvdj3u4ev94rpm9el6sf78ydnn0eqymdrtfwrmfhhqcpqy0f",2,1,1,2188783,2188783,"873570fbbe94998ad71c696f036ec9617aa035fc43c630406434f85fa608a61b(created@2188783);873570fbbe94998ad71c696f036ec9617aa035fc43c630406434f85fa608a61b(spent@2188783)"
"mn_addr_preprod1pyvgfuztz0ts2pfw2khppqyzyl030agvk28c3pgqv8satdyuvstsx70asf",2,2,0,2188807,2188814,"1b3ea7a48c91c2fb99aab3dd90a08b9ddc547671c6fb57fc581d35b4c9de3b55(created@2188807);ca2e6fed94fe256183341cbd1493c0511c462d9de38183be2b51b96933a5a570(created@2188814)"
"mn_addr_preprod1kpcnvf6nek2v4s5xc5lwflwcz3yhlmkhlf3nzu56sqtsrwg74jds6gyjwh",2,2,0,2189054,2189070,"4ec5770990d733f29ef699f652508f2f0da4a02d7262305c8abf1bd8ce31e6f4(created@2189054);8d23174b6190cd26ee14406f97ec521123a9e3a88c0e6985377c2c6f2827df37(created@2189070)"
"mn_addr_preprod19cc97mq04cn3wn4z8s967a7uyxh5m8s28ts7wjtmkeq3apf5ll6qlqm77f",2,1,1,2197576,2197576,"64a6c63d0182589c5ff183e88ada05465407654d81d28e61a79527c41644de8b(created@2197576);64a6c63d0182589c5ff183e88ada05465407654d81d28e61a79527c41644de8b(spent@2197576)"
"mn_addr_preprod16td7jg4kznmcvavjtzjalt0umh2c2mcsx5l7kuqzzp5cwulmfngqazurx5",1,1,0,2147406,2147406,"07117ba89172cb9012b3fc7c42d446c5f3820fd3bca56a31b1784573419aa606(created@2147406)"
"mn_addr_preprod13pvhh9czfjqyx2efzj0gwnvhrj834yrhlhtuqwasy4tzwycrncrsq0ng9k",1,1,0,2149685,2149685,"3792b8d9d478df506ef5bd049502e495c3c5a96580c4eb49a2b2a7be7a9ce5fa(created@2149685)"
"mn_addr_preprod1h4grztq6vhanvya6yxl907kqr6vyzjlv9luuzlarfstdcqxnkpxqh2s2am",1,1,0,2155104,2155104,"c145bc14de53ef7145a75489719a948c242a5bc4ef8f8b7e2a7d58d7ef8e7413(created@2155104)"
"mn_addr_preprod1g35ss34cp6rwmnke7wtml5p4nn4jlhx4z6pw0wlqjnj3wr75tsvsfqnkz6",1,1,0,2156256,2156256,"bafe93884fbc26f157ed380c7038492d1c41ed903911b4954247052a9201aab0(created@2156256)"
"mn_addr_preprod1wq459cauag5nqvzr7a2qtxgdxcmwfaveprpj2hwpm5nug6md36dsky072k",1,1,0,2157056,2157056,"7fe3a8b30f2def607e5367fb3fce323ec2873b8debea9117baced84075eeaef9(created@2157056)"
"mn_addr_preprod1445kyerupmr65jua9uge3f2w5awngly9cnh03l6ylt5arlx7pm7s42d7e3",1,1,0,2157378,2157378,"35d8da4bbb04cd17b0e92ae3b647b0c06c435c3d27aabdf2a0842eef827a28ca(created@2157378)"
"mn_addr_preprod1ddv0hvwsnmsw78g4mdnmnx3p3sfkwdqvcc9ea7wdxjxca7gn4p4q8plp72",1,1,0,2157617,2157617,"11ae36a29e344a94c8ab626dd0edc0c8517e68ce9e18ecb568cb551c06e96be8(created@2157617)"
"mn_addr_preprod14g0smfdj6hjjkcd5hjh43xkra9q78zgfluqh7zzz6gy42y24f3jsc8chvm",1,1,0,2157678,2157678,"583d564c73a1a89697c65f57d0b6656bb0d1139b2bd22cac8eb1a4766a58dfa8(created@2157678)"
"mn_addr_preprod1c6399p7ase2a07x5q3cddz5mjk9hum2xpud7wu3ttdzur98wyvcqep9pgw",1,1,0,2158007,2158007,"162877f264c6546c0241139f16e4e4e02c6be696fcab81f785b92e9b69deb4cb(created@2158007)"
"mn_addr_preprod1w6ye5dgqujr394fj349vngkf84x96zcugfz98rdjfrrls6cj0zqqgwqdsh",1,1,0,2158012,2158012,"8b94eb3a52e33789d3f5e802dd9b2bb6ab1bbe409f0ee9fc8df408c5695a9364(created@2158012)"
"mn_addr_preprod1t2w782hmajlsgfge2w0nj752uqu3sfvwf5psduj24mmy5gw366fqx4kxzx",1,1,0,2158017,2158017,"049f1e0d560c18f1bc116293f7abebbb748f5758e4087563af5943874fe98f77(created@2158017)"
"mn_addr_preprod19jdwd5g0l9w53l2f2jdyjzn7q3eq48r5rj2rv888d6yzp4uvm3ks8fqme6",1,1,0,2158021,2158021,"d3c90e2b279c6767e7ae42c41b9109fd7bf3b16d45885561c8ca7bc8ebd5540d(created@2158021)"
"mn_addr_preprod1yfvzgnsps73r20xc4vjus8yy587nv7f7p0xrtqgsy6aqs0l7nymq3uzdq5",1,1,0,2158303,2158303,"fa11fa7b55946f4b3370672d63c99be8775da5a66f42a7c1fb9747f4ae2b3fa5(created@2158303)"
"mn_addr_preprod1ce9qscp2n602xtddshgaq5w89sf2rnuyrsm94adqluk7mw3gv54qfq7psf",1,1,0,2158471,2158471,"0cedc4c60846f5328db64cb38d60ea54377e598f33cfe2620f3f159c5d6c33a4(created@2158471)"
"mn_addr_preprod1tkuh2da6x69t5fzhrh9prqek7mxnlntwlss4rvxhshcq0umnvk5qjqyfw7",1,1,0,2158519,2158519,"511934b192dd50258336791b1e440ee581dace27bb8bd2942bb739524b00700f(created@2158519)"
"mn_addr_preprod19z6dy62jxgast6jzr7pafgvskcr7gl4j2tpzc9gs7m9qam2t8g4q0ftmcz",1,1,0,2158809,2158809,"ac7d52f7da643b3ba59e7dfed865abb55c9de1f5363fc861cbf8abaea7b23cda(created@2158809)"
"mn_addr_preprod183sgxfdnxem2qrwu44h7rujquhnds62q7na6p7z3c270q5pvsp9qx9lq7q",1,1,0,2158819,2158819,"d254acaa54b49a0da255c864174e4ab681ab17c1d74c81c7eb60b015149d5457(created@2158819)"
"mn_addr_preprod1tzzke2qg24g8qfx42w88pc4t7kkjjxeurmc52d6ca8u80gdjhcpsrp9x7u",1,1,0,2159427,2159427,"cd888e0ba4d4afb534918abdf381508cd8f20e73c3af27965061f15b9977fdd3(created@2159427)"
"mn_addr_preprod1u200qhy3qhwan0f4te8h6n608fg8acpdzemt0mecaazhavw22t6q4h9jd2",1,1,0,2159446,2159446,"66fca5fee3cb9a8991e395456a30bb8db3c5e4a725530afacba1124f8efc789c(created@2159446)"
"mn_addr_preprod1c9wzd6uxxn9djjcc6fjglwye06ex0xa3fnkq6p8nej3q0n2jfh3qqgllk0",1,1,0,2159449,2159449,"c0699371904c30b5614b725a65ad50d9f14942ea1dc67b8159906da9c597cee1(created@2159449)"
"mn_addr_preprod1p3uw7fe02we6vmuu3a4w6nujtzf8arve9cu7nk2ze2yvgyjjt2wslteqqk",1,1,0,2159457,2159457,"0f1fefb9ed6fef6647d108182b1ab8e2cc7a5edce11cf3643fddc5af0bd13a1f(created@2159457)"
"mn_addr_preprod1sp7l88e8mjpw5z97lwplqqxckl0pgwq4xpux5tx864ptqu27t9wsyahhpc",1,1,0,2159993,2159993,"16ea4630363be219893386b6107b8019be422bb82e9cf9a6f727801cef18c093(created@2159993)"
"mn_addr_preprod1k4c7l7z5n67dz9u7let6gl6jys7dx8wjjwdm6f5wjqdq4xvkjuuswt9lg6",1,1,0,2161451,2161451,"a8c40038ae5e1be8882d748d4e8475c0835a5a719091cbaff24a689cb5b55b8c(created@2161451)"
"mn_addr_preprod1l545edplj3rkzkrcj9qslcx2kjwj07mmwpgl0ql8umcueek48zrqp8cl40",1,1,0,2164216,2164216,"9eca7b01e8698b31b97e75f73dd1640b2c6c0028cfb3d650d6e740c9d2bb8370(created@2164216)"
"mn_addr_preprod19fudd2s3rz2rfvt5u3snzzt8gzkvs7x8d09ru9vcul90yl0x9zlqkzc9jm",1,1,0,2164237,2164237,"4ce472f512ef6bee544a6b759dce46f33f97d65ad7a6857ffe31ad1606012614(created@2164237)"
"mn_addr_preprod1x897vrnuakjxmpj3lhdj7et43xl4z5cx503ng3xvn3e4nqxp5n8qan5tme",1,1,0,2164251,2164251,"8aca47e2e400a6f59fb52de1d8a493b9872761a63e3828ba5bad76cf882174ae(created@2164251)"
"mn_addr_preprod172y34zhkwl83wd3evukjxuc20lvdacxwsjhwyu3xxav8smzynh3stuhna3",1,1,0,2164258,2164258,"4f0f0e2b5ca3785ac7e05bb1600b95da795fe52f5d20c5abba45314c9073dd73(created@2164258)"
"mn_addr_preprod160rh3uuz5l2k74m6zawtvflyr5fzk638txkdhdrlqp3feky64huq3sng4h",1,1,0,2167130,2167130,"106ec4235b2717115800c3a55e6fd0a7d7d18c4bb01d74837d82e21cd8566bc2(created@2167130)"
"mn_addr_preprod1kw87h096vljy60w45uwqpnyy70qdy3n58z5m389rydtz8eaw228q4vvvvw",1,1,0,2167541,2167541,"ffc3d5ce2d221184ab4b381249f90d30157807c37cf8b516c0ce255b8520d1d4(created@2167541)"
"mn_addr_preprod1wvvj99jasy5w65m05uexdsenpf0hqafq7dhvqekn2thrac5j7tps792093",1,1,0,2167851,2167851,"2229b9f67e14f7980c33c6e89c4ad323845bb4f1ce577a4c549411c47c78554c(created@2167851)"
"mn_addr_preprod10jzf86h2lmn84hz8ye5ws0cksn3e50smxts9h5n3v4076uw3a0jqzgph5y",1,1,0,2168006,2168006,"0710b69f66b22c2c7383225f3f22cc2b38527095daedea637024b96de88cc2c7(created@2168006)"
"mn_addr_preprod10y5hc5kd4mkycwnw3f80jn8hcjcufxqr289hn7ayxg2eqts4ej4qsrlqgc",1,1,0,2168919,2168919,"05d4542f4eb49bba7bf0dca88ffb9c51d3e4f6d0dc4ce2b098b49d3c4cf75770(created@2168919)"
"mn_addr_preprod1w9rp0jmstrvk243ldpsj42q6cue2mcjcdzlkh70pwy9ek93rss5s93hp3y",1,1,0,2171182,2171182,"0ab1a3ae5d806e1b00d8229aea74d20cc26e13dc46d3e8103bc6e651ded1e3b5(created@2171182)"
"mn_addr_preprod1nf564vgpvhvsd4f99j80c99vdf6c77raj5cstw0vvmmcw3eervzqfw5h37",1,1,0,2171437,2171437,"3368d493e71756cf7eab4ebb7215358bc804bef67095bbc3499de22313fec038(created@2171437)"
"mn_addr_preprod1pkp79fuu532kguh07tn9ztlsqhll6en36xh7udyywxsly7899w3scvj3xk",1,1,0,2173753,2173753,"d02a1f5839eb6c287c0e58d142bdcc0f8f1511b45d199dbc0985045b3d955f39(created@2173753)"
"mn_addr_preprod1f6emgrmpsthp2yqj02syje36cf27vpefqkp2pfc9cg4wa8qfaywq45wcfg",1,0,1,2177192,2177192,"29a32ee7949b6f1effc4e01a3160fd56d4fddc7af904de312c725408546ab3d8(spent@2177192)"
"mn_addr_preprod1znz7ydypm3tuxzqprr8avqz6mmmd8t4eg2e7t6upgcxvuw7pf7lsw4h2td",1,1,0,2178959,2178959,"9153e3841184fa7a01826ffeb11f62f7cff561d5a0a15111139161a78277e1c6(created@2178959)"
"mn_addr_preprod17v69r5dp6me6gw6pl2dwrg3sl4p7clr39zu0k0gq26cj5asy3aasvsl79k",1,1,0,2178970,2178970,"ea6504299f7e8e9cc0a02ea445af50f502de4d6c6f721f4299b41a480708ba4f(created@2178970)"
"mn_addr_preprod1svjxykfkd95s3a98dmqauq6ktjyvgy7t8jsewz789g2qmmvykvzqfhw4q4",1,1,0,2178975,2178975,"74cf179bf5f6436a3d75cf76eff91952b084aec2a54abeb5887f5e92f44508dd(created@2178975)"
"mn_addr_preprod1lv729lk4vajq63c8wgec4jkuxamws6fn22a6vgzt8mv5r97c55nq9tqzs8",1,1,0,2178980,2178980,"cb60fcba65860fa2f380c9c3b2c22901a35218ee21152ce6c5c41f2a01b886d8(created@2178980)"
"mn_addr_preprod1ruqqkymd9gn0j8t2pa6ef4amhh59ass8xspd9yxzhthycygmuftqf79naa",1,1,0,2178990,2178990,"baa93e0a1c1304bdfee2fa71cd9f66348ef8e7fdebbf6eb1aa7f93fabd1b0c0f(created@2178990)"
"mn_addr_preprod1m33tvufqvepm3ankz0snjfv6nmzdqmuw9vl0xkn2nwhpmkp006hqu38n06",1,1,0,2179000,2179000,"ab00b68cd358e0cf57273000f07e912ded0347159b8899682bada6423e07087a(created@2179000)"
"mn_addr_preprod1tmrk2y8p5r3732xa9403ey3vrfv4xcasugdmq8zqc79v3utnacuqvh89u2",1,1,0,2180463,2180463,"f767fb670aae86ed5a77b95460f99ea3ca6382230f7b407c6638e63dd8f83c02(created@2180463)"
"mn_addr_preprod1rxkzmtf3cul5nu03avc3g3nu8z80gvkvs0rls3rfaptfvanqzrxs85y052",1,1,0,2180930,2180930,"c2c6ad8ab060fcd1210b2fbac6c238a15284b16c4ccb798e0b21d1721466503a(created@2180930)"
"mn_addr_preprod1gkf5ssmeqj3df6j8g6wpvyd5y82ca7u098q8rax7k38vyzamd0fq7g0cys",1,1,0,2183590,2183590,"d754691cf2a636c1881e3d24ab8a7175bb9cc6acf26c2093df84ed6e047aa096(created@2183590)"
"mn_addr_preprod1wnwcxmwj59mhnd7uc3v88tg8r264mdrumqej0yeq7vuxcugegwnqjhl6xx",1,1,0,2183606,2183606,"0ea13e7cbc10281a9c4467b99abe375bda533416e9e87049bb5d2a0abfc251a3(created@2183606)"
"mn_addr_preprod1hf23dn78akhyvwxqtpy4e8v2d0sxl9xckj7ea6uf94k995kupxvqjaywmw",1,1,0,2183964,2183964,"e55fe5f3e4e45fa1a24bec3a1cb538a6acee672da053f6f1f590d9cbf122cf05(created@2183964)"
"mn_addr_preprod1m38awr9uezn2lkj5t52td858xxxjgjllr6xc5jhddjeu8fkcknxslhwmpm",1,1,0,2184051,2184051,"8fb1ff8ffef04db2f219989c18eadad0b715b5585b1ed1232a75ae67c764c7ec(created@2184051)"
"mn_addr_preprod1cwhy9ldap7cktzy9j2qn27hwhv73qlawd94lz5mzhvjmgwmevvhs2ucqnp",1,1,0,2184260,2184260,"4e9af384f72a7d1d4c1c4f12d025146d61a8250d8aa7e10d1aba9aecfb7c8937(created@2184260)"
"mn_addr_preprod1d92nezft59hhefh23eaepu627w90537hce8p0g629vescrymuxrq80xh6a",1,1,0,2185245,2185245,"5b0989d4729d28b6b71d92dbba472178fbb0cf9955587ed038cf0c8d0be63a30(created@2185245)"
"mn_addr_preprod1hzucts7yqt5yzzsnqmg4t9ujarwzvlvtedea7g4y4cps5gd5eudsq6y9qg",1,1,0,2185442,2185442,"4edff5ebb022b46aa5d037c81c2d83a38afad94b911aab120e4c64328b0acd75(created@2185442)"
"mn_addr_preprod170n2ldxc4af43l76ruljl3uy9pmjtxmp70k0e5ptrcqryetgvsqqn5yzwq",1,1,0,2185853,2185853,"22f481f50578601a9c3b6080bc05990f3d61254efa9be6b0c83e130824efa366(created@2185853)"
"mn_addr_preprod136fxce5gstdxjm49vsse875qwt0u99rr8gytff7raqcf86q0936s7mncqy",1,1,0,2186079,2186079,"16a8acfd28efaed41b64f796b8ca83b989e68dfc96354a7fb337f0630f6ec517(created@2186079)"
"mn_addr_preprod1gj3km7u3mmwntrv5kclhfff9usetq94865twgqf28ka03vudc35s0jmc5m",1,1,0,2186300,2186300,"e7cd4e163b60ee6b365fc35bbee8ada4e8b4fe7ea9cc08fe6ddf4e858001df8a(created@2186300)"
"mn_addr_preprod1p5mq6kg2cmfmqc6xlfxqse7sm5dr98tqgktagau0rz6k0269xw7qasecdc",1,1,0,2186446,2186446,"315e7f66d0fbc8ba3ba0aea2ced4cae2ae1507980ea2bda9ec9c88ae9d32d8a1(created@2186446)"
"mn_addr_preprod1w4mfkn6p607kma93vvnzr7t0hht8gaj2c769w5zql7hjmagc8lwqyeym53",1,1,0,2187097,2187097,"39572a6c7f84491da535fbb246442fa8e695b6573faf7d0d403f8c62c21d7c8b(created@2187097)"
"mn_addr_preprod1v0ll4q85q3xsalpug0glsm677fngzf4tdatm9dj8vgd5lpnqsnvq5h8e6k",1,1,0,2187528,2187528,"86b3a1567e8afc065b5451d8500fb35adaff489ead75247bc7b4b71441771390(created@2187528)"
"mn_addr_preprod1ykuv8pkm79dqr98kn8arz7fg2fjrmjuf58cfzq6pxf2560mjdmxs0f68h8",1,1,0,2188824,2188824,"f39532076c144fd601f1c581566ab6995705032a37d9df5b7431be8a64c2fdef(created@2188824)"
"mn_addr_preprod1xth3nd0y32wgruxkae3prqx64drt4edpsx7fpddyc6n0sthevflq2l0x9n",1,1,0,2189638,2189638,"9253c082e9ef88f07d7a9d22d7a2c15aad8ca076895a84234203f7a5b28b6972(created@2189638)"
"mn_addr_preprod1g3v3jj9yqcgu7uzp7ze28jwmhlzzyk72l8uva3gr6wyacrdwm4yqrhqn6f",1,1,0,2191363,2191363,"8b1d073b7a96307147156c03ab35c95d8f92cdb8879ff762d5a2c13afe20b617(created@2191363)"
"mn_addr_preprod18v6nlt2pxcpy46xgww2wce2jqfnft7pmrhzjgc207msh5ntn7uys5w9rll",1,1,0,2191720,2191720,"dc14c6285442881e55c966f583b293e602023a6f6b6024408be730fa8861313a(created@2191720)"
"mn_addr_preprod1rtwtvcdnystfaa695wyqyuvnh5kg44nh8uefmfc55dx997cwz9ws4frdr4",1,1,0,2194485,2194485,"90c01f08bed34aeeee1c700556205458eb166b0004bfdc0ea3dfd91d6cc68ea8(created@2194485)"
"mn_addr_preprod1u8zz935hphy2ccd5rswsdzwtcks9dh8zyr4zuv7mtxyyw3xy8jns7z5rj4",1,1,0,2196154,2196154,"bb47846112396d67466c565cc1f88c0592f4aa432d27d9b6ff3b7c8b9f0ccd1b(created@2196154)"
"mn_addr_preprod1mm0nxqtefp9mu48wfcfjg5qd30vt8sx726cc78g0jvfp7jz8546qck25d6",1,1,0,2196656,2196656,"2c0a2e72a692b7cbc7bd61757d45c71cb38e99c98bc48038f6cf6eb0bd5a322c(created@2196656)"
"mn_addr_preprod149z4mzvchh3kf3czpu059svlfv9z43l6e0du33yukvs9vwfqjdhq50cmp2",1,1,0,2197786,2197786,"efa1284de0734928ac3d193604783c6eb3c90ef6e244c1b7b9b764632aeb2e41(created@2197786)"
"mn_addr_preprod12yj4v243ymja0qpfazvrhkccx24t8044y3e36g3w7z98dgtfcg8sepuk5s",1,1,0,2198006,2198006,"c43253f8f4da9099404cc78a2238681d535fe5871eafeda3d877fbf23dd527bd(created@2198006)"
"mn_addr_preprod1q43raudqj3cr2x3050edsrg3n3cgnelsuznapz7kx4svvkzzdfus3zw2hy",1,1,0,2198012,2198012,"56e293f0324cc90934db11f0af07aab0a44f029704b6297e1092c2af14ccb71b(created@2198012)"
"mn_addr_preprod1qcksqwt5sn4ez8c56m0kgpfr3fg30vp3yjlxp7w3rtajf3lk89xsumapld",1,1,0,2198090,2198090,"217646f0909854451b3af101ec866d84f2f0a5d0c010f479d584b70b1f0e76b7(created@2198090)"
"mn_addr_preprod1awgwcgh5pafqat8g0lxc3flr3qcgseeulez9ukvqf9qtgkjjqucs7pcnws",1,1,0,2198521,2198521,"d0c23acf760e2bb50959ce870c67a30c223c631d661d5958f7947e3ad5a7ae37(created@2198521)"
"mn_addr_preprod1hfmw37033z0tlgduzlhagahhfsr9267wd7m7j3y8xjvsza7f4hysnj5yze",1,1,0,2200249,2200249,"6fd00228f9495687b01ef33943cbb95a71e630feb54e5e90013164a4f380a1a0(created@2200249)"
